Nationality,Position,Date of Birth,Height,Name,Apps,Goals,Goals per Game,Shots,Shots on Target,Shot Acc.,Assists,Passes,Passes per Game,Chances Created,Crosses,Cross Acc.,Yellow Cards,Red Cards,Fouls,Offsides,Tackles,Successful Tackles,Blocked Shots,Interceptions,Clearances,Duels Won,Duels Lost,Aerials Won,Aerials Lost,50/50 Tackle Wins
England,Midfielder,16/11/1995,178cm,Rolando Aarons,18,2,0.11,11,3,27%,1,197,10.94,1,19,21%,2,0,11,1,20,70%,2,8,11,54,67,7,12,14
England,Forward,02/10/1997 (23),190cm,Tammy Abraham,81,26,0.32,159,66,42%,5,887,10.95,7,31,,,,,,,,,,,,,,,
England,Forward,13/07/1996 (24),175cm,Che Adams,45,8,0.18,62,23,37%,6,548,12.18,12,15,,,,,,,,,,,,,,,
England,Defender,24/09/1997 (23),196cm,Tosin Adarabioyo,11,0,,,,,,,,,,,,,,,,,,,,,,,,
England,Midfielder,02/01/1999,180cm,Dennis Adeniran,0,0,0,0,0,0%,0,0,0,0,0,0%,0,0,0,0,0,0%,0,0,0,0,0,0,0,0
Spain,Goalkeeper,03/01/1987 (33),190cm,Adrián,138,0,,,,,,,,,,,,,,,,,,,,,,,,
Portugal,Midfielder,15/03/1989,175cm,Adrien Silva,14,0,14,11,2,18%,1,512,36.57,1,4,4%,3,0,9,0,24,63%,5,15,1,52,75,11,21,7
Argentina,Forward,02/06/1988 (32),173cm,Sergio Agüero,267,180,0.67,"1,000",412,41%,46,"6,174",23.12,61,176,,,,,,,,,,,,,,,
Egypt,Defender,09/09/1987 (33),183cm,Ahmed El Mohamady,188,6,,,,,,,,,,,,,,,,,,,,,,,,
Egypt,Defender,25/01/1991,193cm,Ahmed Hegazi,39,2,,,,,,,,,,,,,,,,,,,,,,,,
Nigeria,Defender,08/10/1996 (24),184cm,Ola Aina,15,1,,,,,,,,,,,,,,,,,,,,,,,,
France,Defender,06/06/2001 (19),179cm,Rayan Aït-Nouri,6,1,,,,,,,,,,,,,,,,,,,,,,,,
Nigeria,Defender,09/11/1993 (27),193cm,Semi Ajayi,14,1,,,,,,,,,,,,,,,,,,,,,,,,
Switzerland,Forward,26/02/1997,183cm,Albian Ajeti,9,0,9,3,0,3%,0,15,1.67,0,0,,,,,,,,,,,,,,,
Netherlands,Defender,18/02/1995 (25),180cm,Nathan Aké,152,13,,,,,,,,,,,,,,,,,,,,,,,,
England,Midfielder,18/11/1989 (31),175cm,Marc Albrighton,266,17,0.06,227,72,32%,37,"5,855",22.01,61,"1,628",20%,33,1,169,18,436,74%,79,268,180,"1,003","1,167",72,199,299
Belgium,Defender,02/03/1989 (31),187cm,Toby Alderweireld,185,8,,,,,,,,,,,,,,,,,,,,,,,,
England,Defender,17/01/2001 (19),,,,,,,,,,,,,,,,,,,,,,,,,,,,
Brazil,Defender,15/12/1992 (28),181cm,Alex Telles,5,0,,,,,,,,,,,,,,,,,,,,,,,,
England,Defender,07/10/1998 (22),175cm,Trent Alexander-Arnold,106,6,,,,,,,,,,,,,,,,,,,,,,,,
England,Defender,22/08/1999,,,,,,,,,,,,,,,,,,,,,,,,,,,,
North Macedonia,Midfielder,12/02/1992 (28),173cm,Ezgjan Alioski,13,1,0.08,10,4,40%,0,485,37.31,3,25,20%,1,0,10,3,24,54%,3,9,13,54,44,10,12,4
Brazil,Goalkeeper,02/10/1992 (28),191cm,Alisson,79,0,,,,,,,,,,,,,,,,,,,,,,,,
Brazil,Midfielder,08/01/1991 (29),173cm,Allan,12,0,12,4,1,25%,0,538,44.83,0,2,2%,4,0,21,0,41,56%,1,13,10,80,72,1,4,20
England,Midfielder,11/04/1996 (24),188cm,Dele Alli,160,50,0.31,320,128,40%,33,"5,543",34.64,44,76,12%,24,0,178,31,238,65%,82,127,99,820,"1,079",121,184,183
Paraguay,Midfielder,10/02/1994 (26),174cm,Miguel Almirón,59,5,0.08,84,30,36%,3,"1,346",22.81,4,79,23%,6,0,41,29,101,59%,28,50,27,263,250,12,39,64
Spain,Defender,28/12/1990 (30),188cm,Marcos Alonso,141,20,,,,,,,,,,,,,,,,,,,,,,,,
Colombia,Midfielder,08/09/1998 (22),180cm,Steven Alzate,27,0,27,16,4,25%,0,871,32.26,1,9,,,,,,,,,,,,,,,
Ghana,Defender,21/12/1994 (26),186cm,Daniel Amartey,50,1,,,,,,,,,,,,,,,,,,,,,,,,
England,Midfielder,23/02/1997,179cm,Luke Amos,1,0,1,0,0,0%,0,3,3,0,0,0%,0,0,0,0,1,1%,0,0,0,2,1,1,1,0
Wales,Defender,14/09/2000 (20),183cm,Ethan Ampadu,10,0,,,,,,,,,,,,,,,,,,,,,,,,
England,Goalkeeper,08/06/2000,,,,,,,,,,,,,,,,,,,,,,,,,,,,
Denmark,Defender,31/05/1996 (24),192cm,Joachim Andersen,9,0,,,,,,,,,,,,,,,,,,,,,,,,
England,Midfielder,06/11/2002 (18),,,,,,,,,,,,,,,,,,,,,,,,,,,,
Romania,Forward,11/04/1993 (27),180cm,Florin Andone,26,4,0.15,20,9,45%,0,177,6.81,0,5,,,,,,,,,,,,,,,
Portugal,Midfielder,30/07/1993 (27),188cm,André Gomes,56,1,0.02,29,5,17%,2,"2,351",41.98,2,36,19%,15,0,103,2,73,59%,6,28,27,256,379,62,46,76
Brazil,Midfielder,01/01/1996,178cm,Andreas Pereira,45,2,0.04,45,16,36%,4,"1,111",24.69,8,88,19%,10,0,42,4,34,62%,14,20,12,101,213,13,49,32
Spain,Defender,04/01/1997,170cm,Angeliño,6,0,,,,,,,,,,,,,,,,,,,,,,,,
England,Midfielder,23/11/2001 (19),185cm,Faustino Anjorin,1,0,1,1,0,1%,0,7,7,0,0,0%,0,0,0,0,0,0%,0,0,0,2,2,0,0,1
England,Forward,28/03/1990 (30),180cm,Michail Antonio,140,39,0.28,316,123,39%,14,"2,764",19.74,21,323,21%,15,1,160,66,122,71%,73,126,124,967,"1,114",330,432,310
England,Forward,09/12/2001,,,,,,,,,,,,,,,,,,,,,,,,,,,,
France,Goalkeeper,27/02/1993 (27),195cm,Alphonse Areola,14,0,,,,,,,,,,,,,,,,,,,,,,,,
Scotland,Midfielder,30/03/1992 (28),183cm,Stuart Armstrong,71,10,0.14,94,35,37%,7,"1,635",23.03,3,61,20%,6,0,63,8,87,66%,26,34,41,232,320,34,60,65
Spain,Goalkeeper,03/10/1994 (26),189cm,Kepa Arrizabalaga,72,0,,,,,,,,,,,,,,,,,,,,,,,,
Ireland,Midfielder,28/12/1989,176cm,Harry Arter,94,3,0.03,124,24,19%,5,"4,282",45.55,4,50,28%,32,1,91,2,221,73%,39,103,65,390,368,25,29,54
Scotland,Defender,14/11/2001 (19),,,,,,,,,,,,,,,,,,,,,,,,,,,,
England,Goalkeeper,25/03/2001,,,,,,,,,,,,,,,,,,,,,,,,,,,,
Ghana,Midfielder,10/01/1992 (28),165cm,Christian Atsu,80,3,0.04,72,28,39%,6,"1,096",13.7,12,117,19%,5,0,34,14,52,77%,17,26,41,217,380,32,142,73
Gabon,Forward,18/06/1989 (31),187cm,Pierre-Emerick Aubameyang,98,57,0.58,243,113,47%,13,"2,129",21.72,18,171,,,,,,,,,,,,,,,
Cote D'Ivoire,Defender,24/12/1992 (28),176cm,Serge Aurier,66,4,,,,,,,,,,,,,,,,,,,,,,,,
England,Goalkeeper,08/01/1999 (21),188cm,Brandon Austin,0,0,,,,,,,,,,,,,,,,,,,,,,,,
Nigeria,Forward,12/08/1997,185cm,Taiwo Awoniyi,0,0,0,0,0,0%,0,0,0,0,0,,,,,,,,,,,,,,,
Ghana,Forward,11/09/1991 (29),182cm,Jordan Ayew,149,26,0.17,231,81,35%,9,"3,141",21.08,12,152,,,,,,,,,,,,,,,
England,Defender,25/08/1991 (29),185cm,Luke Ayling,15,0,,,,,,,,,,,,,,,,,,,,,,,,
England,Midfielder,07/09/2000,,,,,,,,,,,,,,,,,,,,,,,,,,,,
England,Midfielder,20/09/2002 (18),,,,,,,,,,,,,,,,,,,,,,,,,,,,
Spain,Defender,28/08/1989 (31),178cm,César Azpilicueta,278,8,,,,,,,,,,,,,,,,,,,,,,,,
Cote D'Ivoire,Defender,12/04/1994 (26),187cm,Eric Bailly,57,1,,,,,,,,,,,,,,,,,,,,,,,,
England,Defender,11/12/1984,170cm,Leighton Baines,420,32,,,,,,,,,,,,,,,,,,,,,,,,
France,Midfielder,17/08/1994,185cm,Tiemoué Bakayoko,29,2,0.07,40,9,23%,2,"1,108",38.21,1,5,20%,3,1,50,2,64,64%,17,37,36,164,155,40,36,36
England,Midfielder,25/04/1995,182cm,Lewis Baker,0,0,0,0,0,0%,0,0,0,0,0,0%,0,0,0,0,0,0%,0,0,0,0,0,0,0,0
Paraguay,Defender,23/08/1991 (29),188cm,Fabián Balbuena,52,3,,,,,,,,,,,,,,,,,,,,,,,,
England,Defender,09/03/1993 (27),178cm,George Baldock,53,2,,,,,,,,,,,,,,,,,,,,,,,,
Wales,Forward,16/07/1989 (31),185cm,Gareth Bale,150,43,0.29,442,163,37%,20,"4,714",31.43,33,"1,028",,,,,,,,,,,,,,,
Northern Ireland,Defender,22/09/1999,187cm,Danny Ballard,0,0,,,,,,,,,,,,,,,,,,,,,,,,
England,Forward,03/07/2001 (19),178cm,Folarin Balogun,0,0,0,0,0,0%,0,0,0,0,0,,,,,,,,,,,,,,,
Romania,Defender,27/03/1999,191cm,Tudor Baluta,0,0,,,,,,,,,,,,,,,,,,,,,,,,
England,Forward,05/09/1993 (27),185cm,Patrick Bamford,42,11,0.26,71,32,45%,1,371,8.83,0,9,,,,,,,,,,,,,,,
The Democratic Republic Of Congo,Midfielder,09/09/1998 (22),178cm,Beni Baningime,8,0,8,0,0,0%,0,82,10.25,0,0,0%,1,0,4,0,6,33%,0,2,1,9,14,1,2,1
Scotland,Defender,28/06/1985 (35),180cm,Phil Bardsley,302,7,,,,,,,,,,,,,,,,,,,,,,,,
England,Midfielder,05/12/1993 (27),189cm,Ross Barkley,208,27,0.13,428,124,29%,28,"7,876",37.87,34,343,24%,18,0,160,20,174,72%,152,79,110,996,"1,080",176,175,387
England,Midfielder,18/01/1997,184cm,Daniel Barlaser,0,0,0,0,0,0%,0,0,0,0,0,0%,0,0,0,0,0,0%,0,0,0,0,0,0,0,0
England,Forward,30/10/1989 (31),186cm,Ashley Barnes,166,39,0.23,295,111,38%,6,"2,628",15.83,11,69,,,,,,,,,,,,,,,
England,Midfielder,23/02/1981,185cm,Gareth Barry,653,53,0.08,320,112,35%,64,"20,616",31.57,18,906,28%,123,6,633,45,"1,028",77%,82,629,876,"2,107","1,983",447,353,205
England,Defender,22/05/1991 (29),185cm,Kyle Bartley,29,1,,,,,,,,,,,,,,,,,,,,,,,,
England,Defender,20/07/1988 (32),190cm,Chris Basham,74,1,,,,,,,,,,,,,,,,,,,,,,,,
England,Midfielder,29/10/2002,,,,,,,,,,,,,,,,,,,,,,,,,,,,
Belgium,Forward,02/10/1993 (27),184cm,Michy Batshuayi,69,13,0.19,79,28,35%,4,501,7.26,1,7,,,,,,,,,,,,,,,
England,Goalkeeper,08/11/1998,,,,,,,,,,,,,,,,,,,,,,,,,,,,
England,Midfielder,15/09/2001,,,,,,,,,,,,,,,,,,,,,,,,,,,,
Poland,Defender,12/04/1996 (24),189cm,Jan Bednarek,79,3,,,,,,,,,,,,,,,,,,,,,,,,
Spain,Defender,19/03/1995 (25),178cm,Héctor Bellerín,171,7,,,,,,,,,,,,,,,,,,,,,,,,
Croatia,Defender,13/07/1997,194cm,Filip Benkovic,0,0,,,,,,,,,,,,,,,,,,,,,,,,
England,Defender,06/03/1990,188cm,Ryan Bennett,111,3,,,,,,,,,,,,,,,,,,,,,,,,
Algeria,Forward,10/08/1995 (25),172cm,Saïd Benrahma,7,0,7,11,4,36%,2,86,12.29,0,6,,,,,,,,,,,,,,,
England,Midfielder,05/12/1999 (21),,,,,,,,,,,,,,,,,,,,,,,,,,,,
Algeria,Midfielder,24/11/1994,187cm,Nabil Bentaleb,58,0,58,49,9,18%,3,"2,767",47.71,4,17,24%,13,0,67,0,123,72%,12,112,72,258,215,65,41,42
Belgium,Forward,03/12/1990 (30),190cm,Christian Benteke,236,75,0.32,566,218,39%,20,"5,802",24.58,31,36,,,,,,,,,,,,,,,
Switzerland,Defender,21/08/1988,179cm,Gaetano Berardi,0,0,,,,,,,,,,,,,,,,,,,,,,,,
Norway,Midfielder,14/02/1998 (22),195cm,Sander Berge,27,2,0.07,15,4,27%,2,770,28.52,3,43,9%,4,0,30,3,38,58%,4,14,31,131,105,51,30,34
Netherlands,Forward,08/10/1997 (23),178cm,Steven Bergwijn,24,3,0.12,15,5,33%,1,420,17.5,1,16,,,,,,,,,,,,,,,
Spain,Midfielder,26/05/2001 (19),,,,,,,,,,,,,,,,,,,,,,,,,,,,
Brazil,Forward,08/09/1992 (28),166cm,Bernard,66,5,0.08,38,11,29%,5,"1,466",22.21,7,92,,,,,,,,,,,,,,,
Brazil,Defender,14/05/1995 (25),186cm,Bernardo,37,0,,,,,,,,,,,,,,,,,,,,,,,,
Brazil,Midfielder,20/09/2000,,,,,,,,,,,,,,,,,,,,,,,,,,,,
Portugal,Midfielder,10/08/1994 (26),173cm,Bernardo Silva,113,19,0.17,144,53,37%,18,"4,380",38.76,22,202,19%,8,0,68,4,123,63%,50,63,49,364,410,35,77,128
England,Defender,05/08/1989 (31),179cm,Ryan Bertrand,243,7,,,,,,,,,,,,,,,,,,,,,,,,
Bosnia And Herzegovina,Midfielder,10/09/1992 (28),180cm,Muhamed Besic,46,0,46,26,7,27%,0,"1,339",29.11,2,18,22%,11,0,42,0,93,76%,7,34,56,186,165,21,16,53
England,Goalkeeper,24/05/1992,194cm,Marcus Bettinelli,7,0,,,,,,,,,,,,,,,,,,,,,,,,
Mali,Midfielder,30/08/1996 (24),182cm,Yves Bissouma,64,2,0.03,66,12,18%,0,"2,031",31.73,1,17,18%,13,1,95,2,156,62%,18,67,71,374,330,62,62,102
England,Defender,27/07/2000 (20),178cm,Jayden Bogle,1,1,,,,,,,,,,,,,,,,,,,,,,,,
Poland,Midfielder,22/08/2001,175cm,Mateusz Bogusz,0,0,0,0,0,0%,0,0,0,0,0,0%,0,0,0,0,0,0%,0,0,0,0,0,0,0,0
England,Defender,04/01/1999,188cm,Tolaji Bola,0,0,,,,,,,,,,,,,,,,,,,,,,,,
The Democratic Republic Of Congo,Forward,24/05/1989 (31),188cm,Yannick Bolasie,119,11,0.09,219,72,33%,17,"2,124",17.85,25,595,,,,,,,,,,,,,,,
Cote D'Ivoire,Defender,03/02/1991 (29),195cm,Willy Boly,70,4,,,,,,,,,,,,,,,,,,,,,,,,
England,Goalkeeper,19/05/1993 (27),196cm,Jonathan Bond,0,0,,,,,,,,,,,,,,,,,,,,,,,,
Morocco,Midfielder,17/09/1993,170cm,Sofiane Boufal,70,3,0.04,73,20,27%,4,"1,328",18.97,9,101,16%,8,0,77,5,91,63%,28,15,9,371,410,23,37,187
England,Midfielder,09/07/2001,,,,,,,,,,,,,,,,,,,,,,,,,,,,
England,Forward,20/12/1996 (24),175cm,Jarrod Bowen,35,5,0.14,60,13,22%,6,602,17.2,7,123,,,,,,,,,,,,,,,
Wales,Defender,22/04/2001,177cm,Morgan Boyes,0,0,,,,,,,,,,,,,,,,,,,,,,,,
Ireland,Midfielder,14/01/1992 (28),176cm,Robbie Brady,150,10,0.07,160,45,28%,12,"3,431",22.87,24,743,26%,17,1,124,14,254,73%,55,141,223,629,614,144,121,135
England,Defender,27/06/2002 (18),195cm,Jarrad Branthwaite,4,0,,,,,,,,,,,,,,,,,,,,,,,,
Chile,Goalkeeper,13/04/1983,184cm,Claudio Bravo,29,0,,,,,,,,,,,,,,,,,,,,,,,,
England,Defender,11/12/1997,172cm,James Bree,0,0,,,,,,,,,,,,,,,,,,,,,,,,
England,Forward,01/04/2000 (20),180cm,Rhian Brewster,11,0,11,6,2,33%,0,88,8,2,2,,,,,,,,,,,,,,,
England,Midfielder,30/09/2000,,,,,,,,,,,,,,,,,,,,,,,,,,,,
Albania,Forward,10/09/2001,191cm,Armando Broja,1,0,1,0,0,0%,0,1,1,0,0,,,,,,,,,,,,,,,
England,Midfielder,19/12/1995 (25),180cm,Josh Brownhill,23,0,23,20,1,5%,0,850,36.96,0,6,33%,3,0,23,0,40,58%,7,51,34,124,94,53,39,16
Portugal,Midfielder,08/09/1994 (26),179cm,Bruno Fernandes,28,18,0.64,87,37,43%,13,"1,544",55.14,13,140,24%,5,0,27,4,49,61%,20,21,26,114,166,8,31,23
Portugal,Midfielder,12/10/1998,180cm,Bruno Jordão,1,0,1,0,0,0%,0,6,6,0,0,0%,0,0,0,0,0,0%,0,0,0,0,0,0,0,0
England,Midfielder,17/11/2001 (19),,,,,,,,,,,,,,,,,,,,,,,,,,,,
England,Defender,17/09/1993 (27),173cm,Joe Bryan,36,0,,,,,,,,,,,,,,,,,,,,,,,,
Scotland,Midfielder,07/04/1997 (23),188cm,Oliver Burke,24,0,24,13,3,23%,3,251,10.46,4,11,18%,1,0,16,2,14,50%,5,8,4,60,107,19,36,18
England,Defender,09/05/1992 (28),198cm,Dan Burn,51,0,,,,,,,,,,,,,,,,,,,,,,,,
Wales,Midfielder,26/12/1999,176cm,Robbie Burton,0,0,0,0,0,0%,0,0,0,0,0,0%,0,0,0,0,0,0%,0,0,0,0,0,0,0,0
England,Goalkeeper,10/03/1993 (27),196cm,Jack Butland,77,0,,,,,,,,,,,,,,,,,,,,,,,,
England,Goalkeeper,27/02/1989 (31),191cm,David Button,4,0,,,,,,,,,,,,,,,,,,,,,,,,
Denmark,Defender,31/03/1998 (22),178cm,Oskar Buur,1,0,,,,,,,,,,,,,,,,,,,,,,,,
Argentina,Goalkeeper,28/09/1981 (39),186cm,Willy Caballero,34,0,,,,,,,,,,,,,,,,,,,,,,,,
England,Defender,19/12/1985 (35),193cm,Gary Cahill,379,27,,,,,,,,,,,,,,,,,,,,,,,,
England,Midfielder,02/09/2001 (19),,,,,,,,,,,,,,,,,,,,,,,,,,,,
Scotland,Midfielder,20/01/1991 (29),186cm,Tom Cairney,52,3,0.06,45,12,27%,2,"2,401",46.17,5,91,26%,3,0,24,1,65,58%,14,32,23,230,166,23,27,70
England,Forward,16/03/1997 (23),187cm,Dominic Calvert-Lewin,129,35,0.27,230,96,42%,9,"1,862",14.43,9,51,,,,,,,,,,,,,,,
Ecuador,Forward,24/07/2000 (20),187cm,Leonardo Campana,0,0,0,0,0,0%,0,0,0,0,0,,,,,,,,,,,,,,,
Wales,Midfielder,30/12/2002,,,,,,,,,,,,,,,,,,,,,,,,,,,,
Italy,Goalkeeper,25/08/2001 (19),,,,,,,,,,,,,,,,,,,,,,,,,,,,
Brazil,Forward,25/03/1995 (25),190cm,Carlos Vinicius,1,0,1,2,1,50%,0,1,1,0,0,,,,,,,,,,,,,,,
Argentina,Forward,25/05/1991,191cm,Guido Carrillo,7,0,7,11,4,36%,1,123,17.57,0,0,,,,,,,,,,,,,,,
England,Forward,06/01/1989 (31),193cm,Andy Carroll,238,53,0.22,537,172,32%,22,"4,752",19.97,28,114,,,,,,,,,,,,,,,
England,Goalkeeper,03/09/1985 (35),190cm,Scott Carson,145,0,,,,,,,,,,,,,,,,,,,,,,,,
United States,Defender,31/12/1997,183cm,Cameron Carter-Vickers,0,0,,,,,,,,,,,,,,,,,,,,,,,,
England,Midfielder,30/08/2002 (18),,,,,,,,,,,,,,,,,,,,,,,,,,,,
England,Defender,14/10/2000 (20),,,,,,,,,,,,,,,,,,,,,,,,,,,,
England,Defender,07/08/1997 (23),185cm,Matthew Cash,13,0,,,,,,,,,,,,,,,,,,,,,,,,
England,Defender,27/02/2000,,,,,,,,,,,,,,,,,,,,,,,,,,,,
Belgium,Defender,05/12/1995 (25),185cm,Timothy Castagne,8,1,,,,,,,,,,,,,,,,,,,,,,,,
Uruguay,Forward,14/02/1987 (33),184cm,Edinson Cavani,8,3,0.38,11,5,45%,2,55,6.88,2,3,,,,,,,,,,,,,,,
Spain,Midfielder,07/08/1996 (24),179cm,Dani Ceballos,37,0,37,19,3,16%,3,"1,912",51.68,3,83,17%,3,0,30,0,66,53%,7,49,19,173,171,13,32,44
Portugal,Defender,31/08/1991 (29),172cm,Cédric Soares,126,2,,,,,,,,,,,,,,,,,,,,,,,,
England,Defender,20/01/1995 (25),182cm,Calum Chambers,139,6,,,,,,,,,,,,,,,,,,,,,,,,
Wales,Defender,23/01/1989,180cm,James Chester,60,3,,,,,,,,,,,,,,,,,,,,,,,,
England,Defender,21/12/1996 (24),178cm,Ben Chilwell,112,6,,,,,,,,,,,,,,,,,,,,,,,,
Netherlands,Midfielder,04/12/1999,185cm,Tahith Chong,5,0,5,3,1,33%,0,29,5.8,0,0,,,,,,,,,,,,,,,
England,Midfielder,01/10/1997 (23),178cm,Hamza Choudhury,40,1,0.02,13,4,31%,2,971,24.28,2,8,13%,4,1,27,0,52,46%,6,47,29,92,99,21,17,5
Denmark,Defender,10/04/1996 (24),188cm,Andreas Christensen,62,0,,,,,,,,,,,,,,,,,,,,,,,,
Ireland,Defender,30/09/1992,188cm,Cyrus Christie,28,0,,,,,,,,,,,,,,,,,,,,,,,,
England,Defender,06/04/2002 (18),,,,,,,,,,,,,,,,,,,,,,,,,,,,
Ireland,Defender,26/09/1989 (31),185cm,Ciaran Clark,185,15,,,,,,,,,,,,,,,,,,,,,,,,
England,Defender,22/09/1996,185cm,Matthew Clarke,0,0,,,,,,,,,,,,,,,,,,,,,,,,
England,Defender,22/09/1997,188cm,Jake Clarke-Salter,1,0,,,,,,,,,,,,,,,,,,,,,,,,
England,Midfielder,19/10/2001 (19),175cm,Leighton Clarkson,0,0,0,0,0,0%,0,0,0,0,0,0%,0,0,0,0,0,0%,0,0,0,0,0,0,0,0
Scotland,Defender,16/12/2000,,,,,,,,,,,,,,,,,,,,,,,,,,,,
England,Defender,05/04/1991 (29),175cm,Nathaniel Clyne,194,4,,,,,,,,,,,,,,,,,,,,,,,,
England,Defender,25/02/1993 (27),185cm,Conor Coady,91,0,,,,,,,,,,,,,,,,,,,,,,,,
England,Defender,21/04/2000,,,,,,,,,,,,,,,,,,,,,,,,,,,,
Ireland,Defender,11/10/1988 (32),177cm,Séamus Coleman,282,20,,,,,,,,,,,,,,,,,,,,,,,,
Ireland,Forward,28/01/2000 (20),,,,,,,,,,,,,,,,,,,,,,,,,,,,
Scotland,Defender,30/08/1991 (29),180cm,Liam Cooper,13,1,,,,,,,,,,,,,,,,,,,,,,,,
Canada,Forward,17/05/2002 (18),,,,,,,,,,,,,,,,,,,,,,,,,,,,
England,Midfielder,25/06/1989 (31),183cm,Jack Cork,264,8,0.03,137,42,31%,9,"11,059",41.89,11,151,17%,32,0,211,13,466,71%,43,400,477,"1,312","1,335",393,479,184
England,Midfielder,31/10/2001 (19),,,,,,,,,,,,,,,,,,,,,,,,,,,,
Czech Republic,Defender,22/08/1992 (28),179cm,Vladimir Coufal,12,0,,,,,,,,,,,,,,,,,,,,,,,,
Mali,Midfielder,25/12/2000,,,,,,,,,,,,,,,,,,,,,,,,,,,,
Ireland,Midfielder,25/03/2000 (20),177cm,Conor Coventry,0,0,0,0,0,0%,0,0,0,0,0,0%,0,0,0,0,0,0%,0,0,0,0,0,0,0,0
England,Defender,07/12/2002 (18),,,,,,,,,,,,,,,,,,,,,,,,,,,,
Ireland,Midfielder,07/04/1996,175cm,Josh Cullen,3,0,3,0,0,0%,0,4,1.33,0,0,0%,0,0,0,0,0,0%,0,2,1,0,1,0,0,0
England,Goalkeeper,04/09/1999,186cm,Jamie Cumming,0,0,,,,,,,,,,,,,,,,,,,,,,,,
England,Midfielder,26/04/2002 (18),,,,,,,,,,,,,,,,,,,,,,,,,,,,
England,Defender,02/04/2001,,,,,,,,,,,,,,,,,,,,,,,,,,,,
Northern Ireland,Midfielder,19/04/1991 (29),183cm,Stuart Dallas,15,3,0.2,19,9,47%,0,814,54.27,2,29,14%,3,0,12,0,42,62%,5,22,19,83,75,15,21,10
Portugal,Midfielder,21/10/1995 (25),165cm,Daniel Podence,23,4,0.17,35,16,46%,2,486,21.13,4,26,15%,2,0,13,5,11,64%,11,12,2,81,71,5,16,41
England,Defender,14/02/1987 (33),188cm,Scott Dann,234,16,,,,,,,,,,,,,,,,,,,,,,,,
Austria,Defender,19/09/1998,190cm,Kevin Danso,6,0,,,,,,,,,,,,,,,,,,,,,,,,
England,Goalkeeper,08/10/1990 (30),190cm,Karl Darlow,33,0,,,,,,,,,,,,,,,,,,,,,,,,
Brazil,Defender,22/04/1987 (33),189cm,David Luiz,201,13,,,,,,,,,,,,,,,,,,,,,,,,
England,Midfielder,30/06/1998 (22),180cm,Tom Davies,113,5,0.04,60,15,25%,4,"3,083",27.28,6,45,22%,22,0,122,9,140,61%,25,110,63,438,507,75,123,80
England,Forward,13/02/1998 (22),191cm,Keinan Davis,20,0,20,17,5,29%,0,153,7.65,0,4,,,,,,,,,,,,,,,
England,Defender,06/05/1990 (30),188cm,Craig Dawson,182,14,,,,,,,,,,,,,,,,,,,,,,,,
Belgium,Defender,07/11/1992,179cm,Laurens De Bock,0,0,,,,,,,,,,,,,,,,,,,,,,,,
Belgium,Midfielder,28/06/1991 (29),181cm,Kevin De Bruyne,168,38,0.23,407,142,35%,73,"8,992",53.52,108,"1,186",26%,15,0,132,17,229,67%,112,91,63,686,823,65,105,242
Jamaica,Forward,02/02/1993 (27),170cm,Bobby De Cordova-Reid,41,9,0.22,41,16,39%,2,603,14.71,1,20,,,,,,,,,,,,,,,
Spain,Goalkeeper,07/11/1990 (30),192cm,David de Gea,325,0,,,,,,,,,,,,,,,,,,,,,,,,
United States,Midfielder,23/05/1998,178cm,Luca de la Torre,0,0,0,0,0,0%,0,0,0,0,0,0%,0,0,0,0,0,0%,0,0,0,0,0,0,0,0
England,Forward,08/02/2003 (17),,,,,,,,,,,,,,,,,,,,,,,,,,,,
England,Midfielder,21/11/1989 (31),174cm,Fabian Delph,190,7,0.04,145,36,25%,8,"9,039",47.57,7,201,26%,29,3,142,1,398,70%,36,286,220,999,712,130,165,263
Belgium,Midfielder,03/04/2001 (19),,,,,,,,,,,,,,,,,,,,,,,,,,,,
England,Midfielder,,,,,,,,,,,,,,,,,,,,,,,,,,,,,
England,Midfielder,06/09/1998,,,,,,,,,,,,,,,,,,,,,,,,,,,,
Mali,Forward,18/10/1995,175cm,Fousseni Diabaté,15,0,15,6,2,33%,1,241,16.07,0,12,,,,,,,,,,,,,,,
France,Midfielder,08/03/1999 (21),179cm,Ibrahima Diallo,7,0,7,0,0,0%,0,73,10.43,0,2,2%,1,0,5,0,5,40%,0,3,1,9,12,0,2,3
England,Midfielder,19/04/1998 (22),180cm,Grady Diangana,30,1,0.03,21,6,29%,1,500,16.67,3,27,22%,0,0,13,5,50,50%,6,13,10,153,168,27,42,42
England,Midfielder,15/01/1994 (26),188cm,Eric Dier,188,10,0.05,121,29,24%,8,"10,366",55.14,11,122,19%,34,0,170,6,291,73%,33,266,591,863,736,451,330,53
France,Defender,20/07/1993 (27),178cm,Lucas Digne,78,4,,,,,,,,,,,,,,,,,,,,,,,,
Portugal,Defender,18/03/1999,183cm,Diogo Dalot,20,0,,,,,,,,,,,,,,,,,,,,,,,,
Portugal,Forward,04/12/1996 (24),178cm,Diogo Jota,76,21,0.28,147,61,41%,6,"1,781",23.43,15,81,,,,,,,,,,,,,,,
Senegal,Defender,10/10/2001,183cm,Alpha Richard Dionkou,0,0,,,,,,,,,,,,,,,,,,,,,,,,
France,Defender,09/01/1997 (23),194cm,Issa Diop,69,4,,,,,,,,,,,,,,,,,,,,,,,,
England,Midfielder,01/01/2001,,,,,,,,,,,,,,,,,,,,,,,,,,,,
Mali,Midfielder,15/06/1998 (22),177cm,Moussa Djenepo,29,3,0.1,28,10,36%,2,439,15.14,3,24,17%,6,1,42,5,45,69%,6,13,9,158,153,10,29,61
Ireland,Defender,16/01/1992 (28),182cm,Matt Doherty,82,8,,,,,,,,,,,,,,,,,,,,,,,,
France,Midfielder,01/01/1993 (27),184cm,Abdoulaye Doucouré,144,18,0.12,193,58,30%,13,"7,433",51.62,16,73,19%,34,0,157,10,262,58%,61,161,174,633,714,169,181,137
Scotland,Defender,04/09/1989,176cm,Barry Douglas,0,0,,,,,,,,,,,,,,,,,,,,,,,,
Brazil,Midfielder,09/05/1998 (22),175cm,Douglas Luiz,49,3,0.06,49,16,33%,3,"1,760",35.92,4,36,22%,10,1,70,0,58,48%,18,52,65,203,220,47,50,44
England,Midfielder,10/10/1997,175cm,Kieran Dowell,2,0,2,0,0,0%,0,30,15,0,5,5%,0,0,1,0,0,0%,0,0,0,2,12,0,1,2
England,Midfielder,17/10/2001 (19),,,,,,,,,,,,,,,,,,,,,,,,,,,,
England,Midfielder,05/03/1990,178cm,Danny Drinkwater,104,4,0.04,95,17,18%,8,"5,250",50.48,11,103,19%,11,1,150,1,264,70%,29,149,164,471,558,84,130,72
England,Defender,26/11/1999 (21),181cm,Anthony Driscoll-Glennon,0,0,,,,,,,,,,,,,,,,,,,,,,,,
Slovakia,Goalkeeper,15/01/1989 (31),190cm,Martin Dubravka,88,0,,,,,,,,,,,,,,,,,,,,,,,,
Ireland,Defender,01/01/1992,193cm,Shane Duffy,96,6,,,,,,,,,,,,,,,,,,,,,,,,
Wales,Defender,26/09/1991 (29),183cm,Paul Dummett,129,2,,,,,,,,,,,,,,,,,,,,,,,,
England,Defender,21/11/1991 (29),192cm,Lewis Dunk,122,7,,,,,,,,,,,,,,,,,,,,,,,,
Ireland,Defender,19/10/1997 (23),183cm,Jimmy Dunne,2,1,,,,,,,,,,,,,,,,,,,,,,,,
England,Goalkeeper,03/10/1996,193cm,Jake Eastwood,0,0,,,,,,,,,,,,,,,,,,,,,,,,
Brazil,Goalkeeper,17/08/1993 (27),188cm,Ederson,123,0,,,,,,,,,,,,,,,,,,,,,,,,
England,Forward,20/05/2001,,,,,,,,,,,,,,,,,,,,,,,,,,,,
England,Midfielder,17/02/1998 (22),172cm,Kyle Edwards,5,0,5,2,1,50%,0,34,6.8,0,1,,,,,,,,,,,,,,,
Ireland,Defender,20/10/1992 (28),185cm,John Egan,50,2,,,,,,,,,,,,,,,,,,,,,,,,
England,Midfielder,18/11/1997,183cm,Ovie Ejaria,2,0,2,0,0,0%,0,8,4,0,0,0%,0,0,0,0,1,1%,0,0,0,1,1,0,0,0
Netherlands,Midfielder,03/05/1995 (25),188cm,Anwar El Ghazi,42,9,0.21,76,35,46%,4,602,14.33,5,139,24%,4,0,25,13,22,59%,16,17,12,128,186,40,70,44
Sweden,Forward,27/04/2002,,,,,,,,,,,,,,,,,,,,,,,,,,,,
England,Midfielder,04/04/2003,170cm,Harvey Elliott,4,0,4,1,1,100%,0,22,5.5,0,3,3%,0,0,0,0,0,0%,0,0,0,1,1,0,0,1
Italy,Defender,03/08/1994 (26),176cm,Emerson,32,0,,,,,,,,,,,,,,,,,,,,,,,,
France,Midfielder,22/05/2001,184cm,Ulrick Eneme Ella,0,0,0,0,0,0%,0,0,0,0,0,0%,0,0,0,0,0,0%,0,0,0,0,0,0,0,0
Belgium,Defender,15/09/1994 (26),193cm,Björn Engels,17,1,,,,,,,,,,,,,,,,,,,,,,,,
Northern Ireland,Defender,03/01/1988 (32),188cm,Jonny Evans,309,11,,,,,,,,,,,,,,,,,,,,,,,,
England,Midfielder,29/06/1998 (22),,,,,,,,,,,,,,,,,,,,,,,,,,,,
Poland,Goalkeeper,18/04/1985 (35),190cm,Lukasz Fabianski,259,0,,,,,,,,,,,,,,,,,,,,,,,,
Brazil,Midfielder,23/10/1993 (27),188cm,Fabinho,69,3,0.04,32,8,25%,5,"4,178",60.55,4,19,37%,13,0,69,0,152,55%,11,80,73,355,283,122,94,22
Portugal,Forward,19/07/2002 (18),185cm,Fábio Silva,10,1,0.1,15,4,27%,0,100,10,0,1,,,,,,,,,,,,,,,
Spain,Goalkeeper,31/12/1987 (32),184cm,Fabri,2,0,,,,,,,,,,,,,,,,,,,,,,,,
England,Defender,11/03/2002,,,,,,,,,,,,,,,,,,,,,,,,,,,,
Brazil,Midfielder,15/04/1993,175cm,Felipe Anderson,63,10,0.16,81,33,41%,8,"2,567",40.75,14,155,28%,4,0,44,7,136,60%,25,63,22,366,387,16,45,139
Belgium,Forward,11/10/1998,,,,,,,,,,,,,,,,,,,,,,,,,,,,
England,Defender,06/10/2000 (20),178cm,Nathan Ferguson,0,0,,,,,,,,,,,,,,,,,,,,,,,,
Argentina,Defender,21/02/1989 (31),190cm,Federico Fernández,181,4,,,,,,,,,,,,,,,,,,,,,,,,
Brazil,Midfielder,04/05/1985 (35),179cm,Fernandinho,231,18,0.08,223,64,29%,16,"15,028",65.06,24,71,21%,47,4,328,4,555,70%,52,356,417,"1,354","1,208",431,344,187
Ireland,Midfielder,07/12/2000,176cm,Will Ferry,0,0,0,0,0,0%,0,0,0,0,0,0%,0,0,0,0,0,0%,0,0,0,0,0,0,0,0
England,Midfielder,08/05/1998 (22),185cm,Sam Field,22,1,0.05,6,1,17%,0,297,13.5,0,15,20%,5,0,18,0,24,88%,4,17,11,54,58,14,15,5
England,Midfielder,27/11/2002 (18),,,,,,,,,,,,,,,,,,,,,,,,,,,,
Scotland,Midfielder,24/08/1991 (29),170cm,John Fleck,39,5,0.13,36,12,33%,2,"1,262",32.36,5,178,23%,8,0,30,1,46,70%,13,29,22,141,158,17,34,51
Ireland,Midfielder,14/10/2001 (19),,,,,,,,,,,,,,,,,,,,,,,,,,,,
England,Midfielder,28/05/2000 (20),171cm,Phil Foden,51,8,0.16,62,26,42%,4,"1,007",19.75,4,52,19%,0,0,20,3,29,72%,16,14,5,123,126,18,38,50
England,Goalkeeper,14/01/1991 (29),185cm,Wes Foderingham,0,0,,,,,,,,,,,,,,,,,,,,,,,,
France,Defender,17/12/2000 (20),190cm,Wesley Fofana,11,0,,,,,,,,,,,,,,,,,,,,,,,,
Spain,Midfielder,22/02/1996 (24),178cm,Pablo Fornals,50,4,0.08,56,17,30%,7,"1,212",24.24,5,75,16%,5,0,26,9,56,55%,14,39,10,126,223,18,63,26
England,Midfielder,08/10/1991 (29),174cm,Adam Forshaw,35,0,35,28,6,21%,1,"1,355",38.71,3,51,20%,4,0,33,1,62,69%,9,36,23,133,169,17,41,22
England,Goalkeeper,17/03/1988 (32),201cm,Fraser Forster,107,0,,,,,,,,,,,,,,,,,,,,,,,,
United States,Defender,09/09/1998,180cm,Marlon Fossey,0,0,,,,,,,,,,,,,,,,,,,,,,,,
Netherlands,Defender,02/01/1998 (22),190cm,Timothy Fosu-Mensah,49,0,,,,,,,,,,,,,,,,,,,,,,,,
Argentina,Defender,12/01/1998,179cm,Juan Foyth,16,1,,,,,,,,,,,,,,,,,,,,,,,,
Australia,Midfielder,16/07/2000 (20),166cm,Tyrese Francois,0,0,0,0,0,0%,0,0,0,0,0,0%,0,0,0,0,0,0%,0,0,0,0,0,0,0,0
Scotland,Midfielder,24/02/1994 (26),163cm,Ryan Fraser,127,16,0.13,134,62,46%,27,"3,538",27.86,41,729,23%,7,0,42,14,59,63%,38,69,83,381,365,35,98,67
Brazil,Midfielder,05/03/1993 (27),169cm,Fred,57,1,0.02,64,13,20%,1,"3,046",53.44,7,78,24%,13,0,85,2,120,51%,16,69,40,265,309,12,38,64
England,Defender,10/10/1992 (28),181cm,Ryan Fredericks,46,1,,,,,,,,,,,,,,,,,,,,,,,,
England,Midfielder,22/03/1992,181cm,Luke Freeman,11,0,11,3,0,3%,0,133,12.09,0,15,40%,2,0,6,0,6,67%,2,10,5,23,35,4,6,8
Austria,Defender,07/04/1986 (34),187cm,Christian Fuchs,116,2,,,,,,,,,,,,,,,,,,,,,,,,
England,Defender,31/10/1995 (25),183cm,Darnell Furlong,17,1,,,,,,,,,,,,,,,,,,,,,,,,
Brazil,Forward,03/04/1997 (23),175cm,Gabriel Jesus,109,43,0.39,238,123,52%,18,"1,971",18.08,17,15,,,,,,,,,,,,,,,
Brazil,Defender,19/12/1997 (23),190cm,Gabriel Magalhães,12,2,,,,,,,,,,,,,,,,,,,,,,,,
Brazil,Forward,18/06/2001 (19),180cm,Gabriel Martinelli,16,3,0.19,17,7,41%,0,133,8.31,0,23,23%,1,0,11,2,23,65%,3,5,5,53,98,8,40,12
Northern Ireland,Midfielder,11/05/2001,175cm,Ethan Galbraith,0,0,0,0,0,0%,0,0,0,0,0,0%,0,0,0,0,0,0%,0,0,0,0,0,0,0,0
Scotland,Defender,23/07/1999,173cm,Tony Gallacher,0,0,,,,,,,,,,,,,,,,,,,,,,,,
England,Midfielder,06/02/2000 (20),182cm,Conor Gallagher,11,2,0.18,17,4,24%,0,385,35,0,12,17%,4,0,18,0,36,47%,5,11,11,80,84,12,15,11
Spain,Defender,09/01/2001 (19),182cm,Eric García,16,0,,,,,,,,,,,,,,,,,,,,,,,,
England,Midfielder,13/03/2001,186cm,James Garner,2,0,2,0,0,0%,0,15,7.5,0,0,0%,0,0,0,0,0,0%,0,0,1,1,1,0,0,0
England,Forward,17/10/1989 (31),174cm,Dwight Gayle,123,26,0.21,163,61,37%,6,"1,224",9.95,6,64,,,,,,,,,,,,,,,
Argentina,Goalkeeper,02/01/1992 (28),196cm,Paulo Gazzaniga,43,0,,,,,,,,,,,,,,,,,,,,,,,,
Cote D'Ivoire,Midfielder,25/09/1995 (25),186cm,Jean-Philippe Gbamin,2,0,2,0,0,0%,0,70,35,0,0,0%,0,0,2,0,4,75%,0,1,4,11,10,3,2,2
Portugal,Midfielder,09/01/1999 (21),182cm,Gedson Fernandes,7,0,7,1,0,1%,0,39,5.57,0,7,29%,0,0,0,0,2,2%,1,1,0,6,9,0,1,2
England,Forward,04/05/2002 (18),179cm,Joe Gelhardt,0,0,0,0,0,0%,0,0,0,0,0,,,,,,,,,,,,,,,
Algeria,Midfielder,09/05/1992,182cm,Rachid Ghezzal,19,1,0.05,19,5,26%,0,422,22.21,3,45,36%,3,0,13,0,14,36%,10,7,3,51,66,10,7,19
England,Defender,26/09/1989 (31),181cm,Kieran Gibbs,176,2,,,,,,,,,,,,,,,,,,,,,,,,
England,Midfielder,27/01/2000,171cm,Morgan Gibbs-White,33,0,33,10,1,10%,1,396,12,2,19,32%,1,0,10,2,6,50%,2,3,0,42,56,16,20,13
England,Defender,15/01/1993,185cm,Ben Gibson,39,2,,,,,,,,,,,,,,,,,,,,,,,,
England,Midfielder,26/01/2000,,,,,,,,,,,,,,,,,,,,,,,,,,,,
England,Goalkeeper,27/03/1992 (28),192cm,Mark Gillespie,0,0,,,,,,,,,,,,,,,,,,,,,,,,
Scotland,Midfielder,11/06/2001 (19),166cm,Billy Gilmour,7,0,7,1,0,1%,0,182,26,0,2,2%,0,0,3,0,6,50%,0,3,2,14,16,3,5,2
France,Forward,30/09/1986 (34),192cm,Olivier Giroud,247,89,0.36,562,217,39%,28,"4,814",19.49,41,92,,,,,,,,,,,,,,,
England,Defender,15/01/1998 (22),183cm,Ben Godfrey,39,0,,,,,,,,,,,,,,,,,,,,,,,,
England,Defender,23/05/1997 (23),188cm,Joseph Gomez,79,0,,,,,,,,,,,,,,,,,,,,,,,,
Portugal,Defender,21/10/2000 (20),189cm,Gonçalo Cardoso,0,0,,,,,,,,,,,,,,,,,,,,,,,,
England,Midfielder,13/09/1999 (21),180cm,Mace Goodridge,0,0,0,0,0,0%,0,0,0,0,0,0%,0,0,0,0,0,0%,0,0,0,0,0,0,0,0
England,Forward,13/02/2003,,,,,,,,,,,,,,,,,,,,,,,,,,,,
England,Defender,09/11/1999,,,,,,,,,,,,,,,,,,,,,,,,,,,,
Poland,Goalkeeper,08/01/1999,195cm,Kamil Grabara,0,0,,,,,,,,,,,,,,,,,,,,,,,,
England,Defender,13/08/2000,,,,,,,,,,,,,,,,,,,,,,,,,,,,
England,Goalkeeper,27/01/1983 (37),193cm,Lee Grant,31,0,,,,,,,,,,,,,,,,,,,,,,,,
England,Midfielder,28/06/1996 (24),180cm,Demarai Gray,133,10,0.08,139,47,34%,9,"1,929",14.5,13,265,18%,7,0,36,12,77,65%,45,39,39,312,402,24,102,138
England,Midfielder,10/09/1995 (25),175cm,Jack Grealish,84,14,0.17,142,46,32%,12,"2,614",31.12,22,239,23%,13,0,69,10,65,60%,51,50,18,557,373,46,57,162
England,Midfielder,26/07/1998,180cm,Andre Green,2,0,2,1,0,1%,0,23,11.5,0,8,38%,0,0,0,0,2,100%,1,3,0,4,7,0,0,2
England,Forward,01/10/2001 (19),181cm,Mason Greenwood,43,11,0.26,65,29,45%,1,744,17.3,1,15,,,,,,,,,,,,,,,
Germany,Midfielder,15/06/1991 (29),181cm,Pascal Groß,105,14,0.13,106,41,39%,17,"3,310",31.52,37,569,31%,8,0,73,22,107,49%,32,42,52,238,412,58,132,24
Poland,Midfielder,08/06/1988 (32),180cm,Kamil Grosicki,16,0,16,24,7,29%,4,254,15.88,5,85,20%,1,0,12,6,4,100%,4,8,6,21,59,1,11,13
Netherlands,Forward,13/03/1998,193cm,Jay-Roy Grot,0,0,0,0,0,0%,0,0,0,0,0,,,,,,,,,,,,,,,
Serbia,Midfielder,13/04/1996,191cm,Marko Grujic,8,0,8,4,2,50%,0,47,5.88,0,0,0%,1,0,2,0,3,67%,0,0,0,12,7,5,3,2
Spain,Goalkeeper,10/01/1987 (33),190cm,Vicente Guaita,71,0,,,,,,,,,,,,,,,,,,,,,,,,
Iceland,Midfielder,27/10/1990 (30),186cm,Jóhann Gudmundsson,100,7,0.07,118,39,33%,17,"1,842",18.42,12,443,32%,5,0,43,6,94,61%,32,93,91,320,381,96,121,65
France,Midfielder,14/04/1999,185cm,Matteo Guendouzi,57,0,57,27,9,33%,1,"2,750",48.25,4,21,10%,15,0,41,0,75,56%,11,59,58,263,217,31,40,47
France,Defender,24/12/1994 (26),178cm,Frédéric Guilbert,25,0,,,,,,,,,,,,,,,,,,,,,,,,
Germany,Midfielder,24/10/1990 (30),180cm,Ilkay Gündogan,111,17,0.15,138,38,28%,6,"6,514",58.68,12,151,28%,13,0,47,2,91,62%,49,89,50,287,302,47,61,82
England,Goalkeeper,22/01/1996,196cm,Angus Gunn,22,0,,,,,,,,,,,,,,,,,,,,,,,,
Sweden,Midfielder,04/09/2000 (20),,,,,,,,,,,,,,,,,,,,,,,,,,,,
Sweden,Forward,04/06/1998,187cm,Viktor Gyökeres,0,0,0,0,0,0%,0,0,0,0,0,,,,,,,,,,,,,,,
England,Forward,20/03/2004,,,,,,,,,,,,,,,,,,,,,,,,,,,,
Cote D'Ivoire,Forward,22/06/1994 (26),190cm,Sébastien Haller,46,10,0.22,79,38,48%,1,978,21.26,3,10,,,,,,,,,,,,,,,
England,Forward,26/09/1998,,,,,,,,,,,,,,,,,,,,,,,,,,,,
England,Midfielder,08/03/2000 (20),188cm,Rekeem Harper,2,0,2,0,0,0%,0,18,9,0,0,0%,0,0,1,0,1,100%,0,1,0,2,2,0,0,1
England,Midfielder,04/09/1999,,,,,,,,,,,,,,,,,,,,,,,,,,,,
England,Midfielder,20/11/1996 (24),175cm,Jack Harrison,14,2,0.14,18,5,28%,4,427,30.5,5,80,19%,0,0,8,7,25,48%,5,6,8,69,87,16,16,18
England,Goalkeeper,19/04/1987 (33),196cm,Joe Hart,340,0,,,,,,,,,,,,,,,,,,,,,,,,
England,Defender,30/01/2002 (18),,,,,,,,,,,,,,,,,,,,,,,,,,,,
England,Defender,16/07/1995 (25),191cm,Kortney Hause,22,2,0.09,23,4,17%,0,940,42.73,1,0,0%,4,0,26,1,24,46%,2,25,119,170,92,128,47,9
Germany,Midfielder,11/06/1999 (21),189cm,Kai Havertz,14,1,0.07,8,4,50%,1,412,29.43,0,7,14%,1,0,15,2,13,54%,2,3,15,46,74,14,18,9
England,Midfielder,25/05/2003,,,,,,,,,,,,,,,,,,,,,,,,,,,,
England,Goalkeeper,15/04/1986 (34),188cm,Tom Heaton,116,0,,,,,,,,,,,,,,,,,,,,,,,,
Jamaica,Defender,19/07/1992 (28),193cm,Michael Hector,4,0,,,,,,,,,,,,,,,,,,,,,,,,
Estonia,Goalkeeper,13/04/2002 (18),193cm,Karl Hein,0,0,,,,,,,,,,,,,,,,,,,,,,,,
Portugal,Forward,12/01/1994 (26),178cm,Hélder Costa,35,3,0.09,34,11,32%,4,641,18.31,3,63,,,,,,,,,,,,,,,
Ireland,Goalkeeper,02/05/1988 (32),193cm,Stephen Henderson,0,0,,,,,,,,,,,,,,,,,,,,,,,,
Ireland,Midfielder,31/01/1992 (28),185cm,Jeff Hendrick,132,11,0.08,105,26,25%,6,"3,306",25.05,7,96,20%,19,1,105,36,96,54%,40,89,102,368,559,102,161,85
Wales,Goalkeeper,24/01/1987 (33),198cm,Wayne Hennessey,181,0,,,,,,,,,,,,,,,,,,,,,,,,
England,Midfielder,27/03/1996,168cm,Jake Hesketh,2,0,2,2,1,50%,0,18,9,0,1,1%,1,0,1,0,2,50%,0,0,0,2,4,0,1,0
England,Forward,13/10/2002,,,,,,,,,,,,,,,,,,,,,,,,,,,,
England,Forward,15/02/1999,191cm,George Hirst,2,0,2,3,1,33%,0,5,2.5,0,0,,,,,,,,,,,,,,,
Netherlands,Defender,06/03/1994,188cm,Wesley Hoedt,41,0,,,,,,,,,,,,,,,,,,,,,,,,
Netherlands,Defender,18/01/2002 (18),180cm,Ki-Jana Hoever,2,0,,,,,,,,,,,,,,,,,,,,,,,,
England,Defender,20/09/1995 (25),189cm,Rob Holding,51,0,,,,,,,,,,,,,,,,,,,,,,,,
England,Defender,22/10/1996 (24),184cm,Mason Holgate,71,1,,,,,,,,,,,,,,,,,,,,,,,,
England,Midfielder,19/06/1998,178cm,Nathan Holland,2,0,2,1,1,100%,0,11,5.5,0,2,2%,0,0,0,0,3,33%,0,0,0,7,2,0,1,3
England,Defender,08/04/1999,,,,,,,,,,,,,,,,,,,,,,,,,,,,
Ireland,Midfielder,02/02/1991 (29),180cm,Conor Hourihane,31,4,0.13,34,12,35%,6,745,24.03,10,139,23%,4,0,15,4,16,63%,13,9,28,55,51,15,9,4
England,Forward,07/11/2000 (20),182cm,Callum Hudson-Odoi,41,2,0.05,36,10,28%,7,792,19.32,10,105,,,,,,,,,,,,,,,
England,Forward,04/06/1992,183cm,Jordan Hugill,3,0,3,0,0,0%,0,9,3,0,0,,,,,,,,,,,,,,,
Denmark,Midfielder,05/08/1995 (25),185cm,Pierre-Emile Højbjerg,124,4,0.03,147,41,28%,5,"6,768",54.58,6,90,32%,22,2,175,2,282,63%,35,194,156,709,681,168,131,104
Nigeria,Forward,16/06/1989 (31),181cm,Odion Ighalo,67,16,0.24,153,62,41%,4,"1,045",15.6,1,20,,,,,,,,,,,,,,,
Nigeria,Forward,03/10/1996 (24),185cm,Kelechi Iheanacho,125,21,0.17,142,58,41%,13,"1,391",11.13,16,27,,,,,,,,,,,,,,,
England,Forward,23/07/1992 (28),178cm,Danny Ings,122,49,0.4,288,117,41%,12,"2,117",17.35,15,100,,,,,,,,,,,,,,,
England,Defender,05/06/1995,196cm,Ryan Inniss,0,0,,,,,,,,,,,,,,,,,,,,,,,,
Portugal,Forward,18/10/1993 (27),175cm,Ivan Cavaleiro,36,4,0.11,33,13,39%,1,590,16.39,3,96,,,,,,,,,,,,,,,
Serbia,Defender,22/02/1984 (36),185cm,Branislav Ivanovic,270,22,,,,,,,,,,,,,,,,,,,,,,,,
Nigeria,Forward,03/05/1996 (24),180cm,Alex Iwobi,139,12,0.09,163,66,40%,18,"4,233",30.45,26,199,,,,,,,,,,,,,,,
Colombia,Forward,07/07/1992 (28),171cm,José Izquierdo,47,5,0.11,67,19,28%,4,728,15.49,4,29,,,,,,,,,,,,,,,
Poland,Defender,17/02/1994,192cm,Jaroslaw Jach,0,0,,,,,,,,,,,,,,,,,,,,,,,,
England,Defender,17/08/1982 (38),180cm,Phil Jagielka,368,18,,,,,,,,,,,,,,,,,,,,,,,,
Iran,Forward,11/08/1993 (27),180cm,Alireza Jahanbakhsh,39,2,0.05,41,9,22%,1,464,11.9,6,61,,,,,,,,,,,,,,,
Switzerland,Goalkeeper,02/10/1984 (36),191cm,Eldin Jakupovic,28,0,,,,,,,,,,,,,,,,,,,,,,,,
England,Defender,08/12/1999 (21),182cm,Reece James,37,1,,,,,,,,,,,,,,,,,,,,,,,,
Switzerland,Midfielder,25/12/2001,179cm,Alexandre Jankewitz,0,0,0,0,0,0%,0,0,0,0,0,0%,0,0,0,0,0,0%,0,0,0,0,0,0,0,0
Czech Republic,Goalkeeper,23/07/2001 (19),,,,,,,,,,,,,,,,,,,,,,,,,,,,
England,Forward,13/09/2001,,,,,,,,,,,,,,,,,,,,,,,,,,,,
England,Midfielder,23/03/2002 (18),,,,,,,,,,,,,,,,,,,,,,,,,,,,
England,Midfielder,12/03/2002 (18),,,,,,,,,,,,,,,,,,,,,,,,,,,,
Denmark,Goalkeeper,18/03/1999,,,,,,,,,,,,,,,,,,,,,,,,,,,,
Spain,Goalkeeper,10/02/1986,192cm,Roberto Jiménez,8,0,,,,,,,,,,,,,,,,,,,,,,,,
Portugal,Defender,27/05/1994 (26),182cm,João Cancelo,27,0,,,,,,,,,,,,,,,,,,,,,,,,
Portugal,Midfielder,08/09/1986 (34),170cm,João Moutinho,89,2,0.02,44,9,20%,14,"4,276",48.04,16,452,31%,13,1,113,3,239,52%,13,102,69,386,450,49,78,30
Portugal,Goalkeeper,10/10/1999 (21),191cm,João Virgínia,0,0,,,,,,,,,,,,,,,,,,,,,,,,
Portugal,Goalkeeper,28/06/1996,188cm,Joel Pereira,1,0,,,,,,,,,,,,,,,,,,,,,,,,
Brazil,Forward,14/08/1996 (24),186cm,Joelinton,51,3,0.06,68,22,32%,4,"1,093",21.43,5,9,,,,,,,,,,,,,,,
Norway,Midfielder,08/01/1991 (29),182cm,Stefan Johansen,12,0,12,1,0,1%,0,250,20.83,0,9,11%,4,0,6,0,10,30%,0,3,5,17,18,3,6,2
England,Forward,14/02/2001,183cm,Tyreece John-Jules,0,0,0,0,0,0%,0,0,0,0,0,,,,,,,,,,,,,,,
England,Defender,03/09/1998,,,,,,,,,,,,,,,,,,,,,,,,,,,,
England,Goalkeeper,25/03/1993 (27),193cm,Sam Johnstone,15,0,,,,,,,,,,,,,,,,,,,,,,,,
England,Midfielder,30/01/2001 (19),185cm,Curtis Jones,16,1,0.06,15,8,53%,0,704,44,1,3,3%,1,0,15,0,15,47%,4,8,8,46,70,10,14,13
Spain,Defender,03/03/1994 (26),175cm,Jonny,68,3,,,,,,,,,,,,,,,,,,,,,,,,
Italy,Midfielder,20/12/1991 (29),180cm,Jorginho,78,9,0.12,39,16,41%,3,"5,841",74.88,12,14,29%,18,0,70,0,160,54%,9,143,68,280,328,33,64,30
Spain,Midfielder,16/06/1991,180cm,Jota,10,0,10,6,1,17%,1,93,9.3,1,2,2%,0,0,6,0,3,33%,4,3,5,13,25,1,2,7
Netherlands,Defender,13/01/2000,,,,,,,,,,,,,,,,,,,,,,,,,,,,
England,Defender,23/02/1998 (22),183cm,James Justin,29,1,,,,,,,,,,,,,,,,,,,,,,,,
Croatia,Goalkeeper,03/04/1990 (30),201cm,Lovre Kalinic,0,0,,,,,,,,,,,,,,,,,,,,,,,,
France,Forward,07/03/1995 (25),177cm,Aboubakar Kamara,21,3,0.14,24,11,46%,0,324,15.43,1,31,,,,,,,,,,,,,,,
England,Midfielder,23/11/1998,177cm,Herbie Kane,0,0,0,0,0,0%,0,0,0,0,0,0%,0,0,0,0,0,0%,0,0,0,0,0,0,0,0
France,Midfielder,29/03/1991 (29),168cm,N'Golo Kanté,180,10,0.06,124,30,24%,11,"9,858",54.77,17,92,28%,26,0,245,7,579,63%,47,448,196,985,991,133,221,200
Poland,Defender,13/03/2001,,,,,,,,,,,,,,,,,,,,,,,,,,,,
Germany,Goalkeeper,22/06/1993,189cm,Loris Karius,29,0,,,,,,,,,,,,,,,,,,,,,,,,
Israel,Midfielder,02/05/1988,178cm,Beram Kayal,37,1,0.03,9,3,33%,1,498,13.46,3,15,20%,6,0,33,1,46,61%,1,27,33,107,132,24,35,16
Italy,Forward,28/02/2000,183cm,Moise Kean,31,2,0.06,31,13,42%,2,131,4.23,5,14,,,,,,,,,,,,,,,
England,Defender,11/01/1993 (27),191cm,Michael Keane,166,7,,,,,,,,,,,,,,,,,,,,,,,,
The Democratic Republic Of Congo,Midfielder,10/03/1992 (28),170cm,Neeskens Kebano,12,0,,,,,,,,,,,,,,,,,,,,,,,,
Guinea,Midfielder,10/02/1995 (25),172cm,Naby Keita,50,4,0.08,46,18,39%,4,"1,941",38.82,7,14,14%,1,0,44,1,75,43%,16,30,17,176,197,21,35,54
Ireland,Goalkeeper,23/11/1998 (22),178cm,Caoimhin Kelleher,1,0,,,,,,,,,,,,,,,,,,,,,,,,
England,Defender,27/04/1990 (30),191cm,Martin Kelly,153,0,,,,,,,,,,,,,,,,,,,,,,,,
Brazil,Forward,08/02/1996,182cm,Kenedy,54,4,0.07,70,14,20%,3,"1,132",20.96,4,80,,,,,,,,,,,,,,,
England,Defender,15/03/1997 (23),176cm,Jonjoe Kenny,35,0,,,,,,,,,,,,,,,,,,,,,,,,
Spain,Goalkeeper,02/10/1986 (34),190cm,Kiko Casilla,0,0,,,,,,,,,,,,,,,,,,,,,,,,
England,Defender,23/05/1997 (23),,,,,,,,,,,,,,,,,,,,,,,,,,,,
Wales,Midfielder,29/10/1988,184cm,Andy King,94,8,0.09,62,21,34%,1,"2,306",24.53,3,50,16%,9,0,41,3,136,76%,17,98,107,303,220,93,79,23
Cote D'Ivoire,Defender,09/12/1996 (24),,,,,,,,,,,,,,,,,,,,,,,,,,,,
England,Midfielder,31/01/2000 (20),174cm,Nya Kirby,0,0,0,0,0,0%,0,0,0,0,0,0%,0,0,0,0,0,0%,0,0,0,0,0,0,0,0
Poland,Midfielder,13/06/1990 (30),183cm,Mateusz Klich,15,3,0.2,19,6,32%,4,826,55.07,3,43,21%,4,0,28,2,21,57%,4,9,9,46,79,10,8,6
England,Defender,07/09/1997,185cm,Josh Knight,0,0,,,,,,,,,,,,,,,,,,,,,,,,
France,Midfielder,20/11/1991,172cm,Anthony Knockaert,72,5,0.07,81,22,27%,7,"1,723",23.93,9,245,26%,8,2,49,11,79,68%,26,56,19,263,280,33,29,103
Germany,Defender,17/07/1996 (24),192cm,Robin Koch,11,0,,,,,,,,,,,,,,,,,,,,,,,,
Bosnia And Herzegovina,Defender,20/06/1993 (27),183cm,Sead Kolasinac,78,2,,,,,,,,,,,,,,,,,,,,,,,,
Netherlands,Defender,14/02/1994 (26),188cm,Terence Kongolo,45,1,,,,,,,,,,,,,,,,,,,,,,,,
England,Defender,23/10/1997 (23),183cm,Ezri Konsa Ngoyo,37,3,,,,,,,,,,,,,,,,,,,,,,,,
France,Defender,14/11/2002 (18),,,,,,,,,,,,,,,,,,,,,,,,,,,,
Senegal,Midfielder,21/12/1989 (31),189cm,Cheikhou Kouyaté,211,14,0.07,173,55,32%,10,"6,395",30.31,4,107,17%,25,1,255,16,462,66%,35,320,464,"1,381","1,135",590,449,129
Croatia,Midfielder,06/05/1994 (26),178cm,Mateo Kovacic,74,1,0.01,56,10,18%,6,"3,775",51.01,5,21,14%,11,0,45,0,119,61%,27,38,37,354,240,21,29,128
Czech Republic,Goalkeeper,17/05/2000,184cm,Matej Kovar,0,0,,,,,,,,,,,,,,,,,,,,,,,,
Sweden,Defender,02/08/1994 (26),184cm,Emil Krafth,21,0,,,,,,,,,,,,,,,,,,,,,,,,
Croatia,Midfielder,29/08/1995 (25),175cm,Filip Krovinovic,10,0,10,8,2,25%,0,356,35.6,0,11,45%,0,0,5,0,13,77%,3,4,2,39,30,8,10,8
France,Forward,28/05/1991 (29),175cm,Alexandre Lacazette,109,41,0.38,218,102,47%,16,"2,190",20.09,15,62,,,,,,,,,,,,,,,
England,Defender,05/08/2001,177cm,Ethan Laird,0,0,,,,,,,,,,,,,,,,,,,,,,,,
England,Midfielder,10/05/1988 (32),172cm,Adam Lallana,209,30,0.14,281,96,34%,29,"6,718",32.14,28,501,20%,17,0,151,59,327,75%,95,171,131,913,"1,123",125,265,218
Argentina,Midfielder,04/03/1992 (28),181cm,Erik Lamela,160,16,0.1,209,71,34%,23,"4,087",25.54,29,381,27%,27,0,218,28,251,74%,74,106,33,647,882,41,128,198
England,Defender,30/09/2000 (20),,,,,,,,,,,,,,,,,,,,,,,,,,,,
England,Goalkeeper,28/12/2000 (20),,,,,,,,,,,,,,,,,,,,,,,,,,,,
England,Midfielder,12/10/1990 (30),183cm,Henri Lansbury,13,0,13,3,0,3%,0,115,8.85,0,2,50%,1,0,5,1,7,43%,1,1,2,10,16,2,6,0
Argentina,Midfielder,15/02/1993 (27),167cm,Manuel Lanzini,129,21,0.16,199,63,32%,14,"5,203",40.33,19,258,25%,20,0,51,22,126,67%,57,121,31,544,525,22,63,258
France,Defender,27/05/1994 (26),191cm,Aymeric Laporte,63,4,,,,,,,,,,,,,,,,,,,,,,,,
France,Defender,01/01/2001,176cm,Yasser Larouci,0,0,,,,,,,,,,,,,,,,,,,,,,,,
England,Defender,11/11/1993 (27),188cm,Jamaal Lascelles,115,6,,,,,,,,,,,,,,,,,,,,,,,,
England,Defender,21/09/2001,,,,,,,,,,,,,,,,,,,,,,,,,,,,
Austria,Midfielder,24/03/1996,180cm,Valentino Lazaro,13,1,0.08,4,1,25%,0,170,13.08,0,13,31%,0,1,3,0,13,69%,1,3,3,25,27,2,6,8
France,Defender,11/10/1989 (31),185cm,Maxime Le Marchand,28,0,,,,,,,,,,,,,,,,,,,,,,,,
France,Defender,20/05/1991,189cm,Florian Lejeune,42,2,,,,,,,,,,,,,,,,,,,,,,,,
England,Midfielder,24/04/1999,182cm,Jonathan Leko,14,0,14,0,0,0%,2,65,4.64,1,13,15%,0,0,7,1,9,100%,0,6,3,36,48,0,6,18
Gabon,Midfielder,01/09/1993 (27),184cm,Mario Lemina,56,2,0.04,52,10,19%,2,"2,024",36.14,4,20,20%,8,0,69,3,122,67%,14,91,69,312,243,60,36,89
Germany,Goalkeeper,04/03/1992 (28),190cm,Bernd Leno,77,0,,,,,,,,,,,,,,,,,,,,,,,,
Brazil,Forward,28/03/1994,185cm,Léo Bonatini,7,0,7,9,1,11%,1,57,8.14,0,4,,,,,,,,,,,,,,,
South Africa,Midfielder,18/09/1999 (21),175cm,Thakgalo Leshabela,0,0,0,0,0,0%,0,0,0,0,0,0%,0,0,0,0,0,0%,0,0,0,0,0,0,0,0
Wales,Midfielder,17/11/2000,180cm,Dylan Levitt,0,0,0,0,0,0%,0,0,0,0,0,0%,0,0,0,0,0,0%,0,0,0,0,0,0,0,0
Rwanda,Forward,16/06/2000,,,,,,,,,,,,,,,,,,,,,,,,,,,,
Sweden,Defender,17/07/1994 (26),187cm,Victor Lindelöf,95,3,,,,,,,,,,,,,,,,,,,,,,,,
England,Midfielder,15/12/1992 (28),175cm,Jesse Lingard,133,18,0.14,178,69,39%,10,"3,536",26.59,18,121,16%,15,0,140,20,130,68%,53,52,34,358,526,19,100,96
England,Midfielder,14/11/1989 (31),181cm,Jake Livermore,188,7,0.04,131,32,24%,9,"7,007",37.27,11,60,18%,32,2,216,3,379,70%,41,234,171,662,702,116,147,82
Spain,Defender,16/08/1993 (27),186cm,Diego Llorente,1,0,,,,,,,,,,,,,,,,,,,,,,,,
France,Goalkeeper,26/12/1986 (34),188cm,Hugo Lloris,275,0,,,,,,,,,,,,,,,,,,,,,,,,
Argentina,Midfielder,09/04/1996 (24),177cm,Giovani Lo Celso,39,1,0.03,27,8,30%,3,"1,193",30.59,3,72,21%,9,0,43,0,64,61%,7,11,19,176,198,17,33,35
England,Midfielder,23/01/1996 (24),191cm,Ruben Loftus-Cheek,88,10,0.11,85,22,26%,6,"2,080",23.64,8,20,20%,2,0,49,6,62,71%,31,46,47,393,395,74,117,142
England,Goalkeeper,19/10/1983,192cm,Andy Lonergan,0,0,,,,,,,,,,,,,,,,,,,,,,,,
Ireland,Defender,18/08/1990 (30),188cm,Kevin Long,40,1,,,,,,,,,,,,,,,,,,,,,,,,
England,Forward,27/12/2000 (20),,,,,,,,,,,,,,,,,,,,,,,,,,,,
England,Forward,06/11/2000,,,,,,,,,,,,,,,,,,,,,,,,,,,,
England,Midfielder,24/02/2001,168cm,Luis Longstaff,0,0,0,0,0,0%,0,0,0,0,0,0%,0,0,0,0,0,0%,0,0,0,0,0,0,0,0
England,Forward,20/10/1997 (23),174cm,Ademola Lookman,48,3,0.06,60,23,38%,5,785,16.35,7,39,,,,,,,,,,,,,,,
Denmark,Goalkeeper,01/02/1989 (31),195cm,Jonas Lössl,69,0,,,,,,,,,,,,,,,,,,,,,,,,
Croatia,Defender,05/07/1989,188cm,Dejan Lovren,162,7,,,,,,,,,,,,,,,,,,,,,,,,
England,Defender,11/05/1997 (23),175cm,Max Lowe,6,0,,,,,,,,,,,,,,,,,,,,,,,,
England,Defender,09/06/1989 (31),180cm,Matthew Lowton,182,2,,,,,,,,,,,,,,,,,,,,,,,,
Brazil,Forward,13/08/1992 (28),172cm,Lucas Moura,85,15,0.18,111,39,35%,5,"1,780",20.94,7,48,,,,,,,,,,,,,,,
England,Midfielder,18/02/1994 (26),181cm,John Lundstram,46,5,0.11,54,15,28%,4,"1,527",33.2,9,102,19%,8,1,35,8,52,63%,13,38,50,126,175,32,42,25
Netherlands,Defender,10/03/2002,167cm,Ian Maatsen,0,0,,,,,,,,,,,,,,,,,,,,,,,,
Argentina,Midfielder,24/12/1998 (22),174cm,Alexis Mac Allister,13,1,0.08,9,2,22%,0,117,9,0,26,12%,0,0,5,1,13,54%,4,3,1,25,28,4,6,5
England,Goalkeeper,09/09/1994 (26),198cm,Matt Macey,0,0,,,,,,,,,,,,,,,,,,,,,,,,
England,Midfielder,,,,,,,,,,,,,,,,,,,,,,,,,,,,,
England,Midfielder,23/11/1996 (24),175cm,James Maddison,81,16,0.2,183,52,28%,12,"3,325",41.05,22,483,29%,10,1,70,9,124,56%,62,27,11,454,379,19,64,112
England,Midfielder,03/11/1998,179cm,Jacob Maddox,0,0,0,0,0,0%,0,0,0,0,0,0%,0,0,0,0,0,0%,0,0,0,0,0,0,0,0
England,Defender,05/03/1993 (27),194cm,Harry Maguire,153,9,,,,,,,,,,,,,,,,,,,,,,,,
Algeria,Forward,21/02/1991 (29),179cm,Riyad Mahrez,209,61,0.29,451,196,43%,41,"6,405",30.65,85,771,,,,,,,,,,,,,,,
England,Midfielder,29/08/1997 (23),177cm,Ainsley Maitland-Niles,61,1,0.02,15,4,27%,3,"2,013",33,4,63,22%,6,2,38,2,110,64%,3,71,69,234,220,31,39,61
France,Midfielder,06/04/2001 (19),180cm,Anthony Mancini,0,0,0,0,0,0%,0,0,0,0,0,0%,0,0,0,0,0,0%,0,0,0,0,0,0,0,0
Senegal,Forward,10/04/1992 (28),175cm,Sadio Mané,208,90,0.43,480,207,43%,31,"6,468",31.1,46,299,,,,,,,,,,,,,,,
Spain,Defender,05/05/1994 (26),178cm,Javier Manquillo,96,1,,,,,,,,,,,,,,,,,,,,,,,,
Brazil,Defender,19/02/1989 (31),178cm,Marçal,10,0,,,,,,,,,,,,,,,,,,,,,,,,
England,Midfielder,20/07/1994 (26),180cm,Solly March,104,4,0.04,108,30,28%,8,"2,446",23.52,14,410,21%,6,0,86,16,167,54%,35,76,77,454,520,59,139,149
Spain,Defender,31/08/1993 (27),193cm,Pablo Marí,3,0,,,,,,,,,,,,,,,,,,,,,,,,
Switzerland,Defender,15/01/2003,187cm,Christian Marques,0,0,,,,,,,,,,,,,,,,,,,,,,,,
England,Midfielder,05/11/1998,178cm,George Marsh,0,0,0,0,0,0%,0,0,0,0,0,0%,0,0,0,0,0,0%,0,0,0,0,0,0,0,0
France,Forward,05/12/1995 (25),181cm,Anthony Martial,155,52,0.34,287,131,46%,26,"3,896",25.14,39,202,,,,,,,,,,,,,,,
England,Goalkeeper,22/01/1986 (34),185cm,David Martin,5,0,,,,,,,,,,,,,,,,,,,,,,,,
Argentina,Goalkeeper,02/09/1992 (28),195cm,Emiliano Martínez,29,0,,,,,,,,,,,,,,,,,,,,,,,,
The Democratic Republic Of Congo,Defender,07/11/1993 (27),179cm,Arthur Masuaku,90,0,,,,,,,,,,,,,,,,,,,,,,,,
Spain,Midfielder,28/04/1988 (32),170cm,Juan Mata,268,51,0.19,366,136,37%,54,"11,557",43.12,69,"1,110",24%,19,1,135,104,197,71%,100,133,65,621,906,23,70,174
Brazil,Forward,05/05/1996 (24),175cm,Matheus Pereira,11,1,0.09,17,5,29%,3,325,29.55,2,42,,,,,,,,,,,,,,,
Serbia,Midfielder,01/08/1988 (32),194cm,Nemanja Matic,215,6,0.03,137,37,27%,19,"12,839",59.72,11,92,20%,37,3,239,14,500,69%,46,347,406,"1,226","1,036",353,243,242
Cameroon,Defender,08/08/1991 (29),195cm,Joel Matip,93,5,,,,,,,,,,,,,,,,,,,,,,,,
England,Midfielder,21/03/2000 (20),,,,,,,,,,,,,,,,,,,,,,,,,,,,
England,Midfielder,05/10/2000,,,,,,,,,,,,,,,,,,,,,,,,,,,,
France,Forward,14/08/1996 (24),173cm,Neal Maupay,50,15,0.3,129,53,41%,4,925,18.5,5,16,,,,,,,,,,,,,,,
England,Defender,19/01/1994,189cm,Alfie Mawson,80,6,,,,,,,,,,,,,,,,,,,,,,,,
Scotland,Midfielder,07/10/1987 (33),178cm,James McArthur,294,23,0.08,217,64,29%,19,"10,598",36.05,22,144,17%,48,0,393,13,643,71%,69,408,327,"1,367","1,513",329,394,163
Scotland,Forward,04/06/1996 (24),188cm,Oliver McBurnie,65,7,0.11,81,40,49%,1,"1,005",15.46,3,15,,,,,,,,,,,,,,,
Northern Ireland,Midfielder,25/03/2000,,,,,,,,,,,,,,,,,,,,,,,,,,,,
England,Midfielder,07/03/2001,,,,,,,,,,,,,,,,,,,,,,,,,,,,
Ireland,Midfielder,12/11/1990 (30),180cm,James McCarthy,261,13,0.05,179,47,26%,12,"10,920",41.84,8,188,28%,48,1,309,2,681,73%,66,423,369,"1,204","1,020",152,168,124
England,Midfielder,21/01/1999,,,,,,,,,,,,,,,,,,,,,,,,,,,,
Scotland,Midfielder,04/11/1988 (32),192cm,Kevin McDonald,41,1,0.02,19,3,16%,1,"1,285",31.34,0,19,11%,9,1,33,2,60,70%,7,43,37,117,116,28,13,10
England,Midfielder,30/08/2000,172cm,George McEachran,0,0,0,0,0,0%,0,0,0,0,0,0%,0,0,0,0,0,0%,0,0,0,0,0,0,0,0
Scotland,Midfielder,18/10/1994 (26),178cm,John McGinn,42,4,0.1,71,22,31%,7,"1,173",27.93,6,92,23%,7,0,51,1,73,64%,15,37,25,277,263,26,51,75
Ireland,Forward,29/11/1987 (33),183cm,David McGoldrick,41,6,0.15,63,28,44%,3,869,21.2,5,14,,,,,,,,,,,,,,,
England,Midfielder,09/01/1999,,,,,,,,,,,,,,,,,,,,,,,,,,,,
Ireland,Defender,05/01/2001,,,,,,,,,,,,,,,,,,,,,,,,,,,,
England,Midfielder,22/11/1999 (21),183cm,Dwight McNeil,73,5,0.07,82,20,24%,12,"1,889",25.88,19,461,,,,,,,,,,,,,,,
England,Defender,06/02/1995,180cm,Sam McQueen,20,0,20,2,0,2%,0,364,18.2,1,41,10%,0,0,3,1,20,80%,0,18,28,46,33,21,12,2
Scotland,Midfielder,08/12/1996 (24),193cm,Scott McTominay,70,8,0.11,55,19,35%,2,"2,338",33.4,4,25,20%,6,0,73,1,87,57%,19,77,78,343,259,105,79,47
England,Defender,09/07/2000,195cm,Zech Medley,0,0,,,,,,,,,,,,,,,,,,,,,,,,
England,Defender,21/09/1989 (31),180cm,Ben Mee,174,4,,,,,,,,,,,,,,,,,,,,,,,,
England,Forward,20/09/2000,,,,,,,,,,,,,,,,,,,,,,,,,,,,
Senegal,Goalkeeper,01/03/1992 (28),197cm,Édouard Mendy,12,0,,,,,,,,,,,,,,,,,,,,,,,,
England,Defender,30/04/2002 (18),183cm,Teden Mengi,0,0,,,,,,,,,,,,,,,,,,,,,,,,
France,Goalkeeper,02/03/2000 (20),193cm,Illan Meslier,15,0,,,,,,,,,,,,,,,,,,,,,,,,
Germany,Midfielder,18/09/1995 (25),173cm,Max Meyer,46,1,0.02,47,10,21%,2,864,18.78,0,33,15%,4,0,16,3,52,56%,14,22,20,111,110,6,25,19
Poland,Goalkeeper,15/08/1996,192cm,Kamil Miazek,0,0,,,,,,,,,,,,,,,,,,,,,,,,
United States,Defender,19/07/1995,191cm,Matt Miazga,2,0,,,,,,,,,,,,,,,,,,,,,,,,
Serbia,Midfielder,07/04/1991 (29),186cm,Luka Milivojevic,131,27,0.21,154,58,38%,4,"6,026",46,9,392,27%,38,1,220,2,279,63%,44,236,218,638,624,177,141,58
Canada,Forward,27/09/1999,,,,,,,,,,,,,,,,,,,,,,,,,,,,
England,Midfielder,04/01/1986 (34),175cm,James Milner,546,55,0.1,497,151,30%,85,"16,340",29.93,47,"2,264",23%,65,3,442,45,810,78%,175,438,427,"1,858","2,243",341,520,312
Colombia,Defender,23/09/1994 (26),195cm,Yerry Mina,55,5,,,,,,,,,,,,,,,,,,,,,,,,
Japan,Forward,16/01/1995 (25),174cm,Takumi Minamino,18,1,0.06,14,5,36%,0,239,13.28,0,4,,,,,,,,,,,,,,,
England,Defender,13/03/1993 (27),196cm,Tyrone Mings,63,4,,,,,,,,,,,,,,,,,,,,,,,,
England,Defender,01/09/1999 (21),,,,,,,,,,,,,,,,,,,,,,,,,,,,
Serbia,Forward,16/09/1994 (26),189cm,Aleksandar Mitrovic,90,23,0.26,248,90,36%,9,"2,008",22.31,9,16,,,,,,,,,,,,,,,
Armenia,Midfielder,21/01/1989,177cm,Henrikh Mkhitaryan,78,13,0.17,120,46,38%,14,"2,620",33.59,27,199,17%,5,0,71,16,84,74%,33,53,29,282,414,52,73,81
Slovenia,Forward,23/10/1998,183cm,Jan Mlakar,0,0,0,0,0,0%,0,0,0,0,0,,,,,,,,,,,,,,,
Poland,Midfielder,07/04/1999,188cm,Jakub Moder,0,0,0,0,0,0%,0,0,0,0,0,0%,0,0,0,0,0,0%,0,0,0,0,0,0,0,0
Egypt,Midfielder,11/07/1992 (28),180cm,Mohamed Elneny,55,0,55,47,5,11%,3,"2,954",53.71,2,31,13%,9,1,28,2,62,55%,22,50,52,124,136,20,47,13
Egypt,Forward,15/06/1992 (28),175cm,Mohamed Salah,135,88,0.65,486,222,46%,32,"3,782",28.01,47,205,,,,,,,,,,,,,,,
Ireland,Midfielder,06/08/1999 (21),,,,,,,,,,,,,,,,,,,,,,,,,,,,
Spain,Defender,14/04/1991,175cm,Martín Montoya,52,0,,,,,,,,,,,,,,,,,,,,,,,,
England,Goalkeeper,19/05/1990 (30),191cm,Simon Moore,2,0,,,,,,,,,,,,,,,,,,,,,,,,
Australia,Midfielder,15/09/1990,174cm,Aaron Mooy,96,9,0.09,105,29,28%,6,"4,150",43.23,13,431,23%,10,1,65,3,201,63%,37,76,96,377,431,63,91,76
Spain,Forward,23/10/1992,190cm,Álvaro Morata,47,16,0.34,114,50,44%,6,805,17.13,4,22,,,,,,,,,,,,,,,
Spain,Forward,03/05/2002,174cm,Pablo Moreno,0,0,0,0,0,0%,0,0,0,0,0,,,,,,,,,,,,,,,
Jamaica,Defender,21/01/1984 (36),186cm,Wes Morgan,170,8,,,,,,,,,,,,,,,,,,,,,,,,
Jamaica,Midfielder,02/02/1993,175cm,Ravel Morrison,18,3,0.17,22,4,18%,2,554,30.78,0,10,10%,5,0,13,2,16,88%,6,11,4,75,86,8,17,33
Nigeria,Midfielder,12/12/1990,177cm,Victor Moses,220,20,0.09,323,92,28%,18,"4,627",21.03,25,578,20%,16,0,169,54,217,76%,91,153,109,945,"1,042",118,210,353
England,Midfielder,10/01/1999 (21),178cm,Mason Mount,52,8,0.15,107,38,36%,8,"1,969",37.87,14,202,28%,5,0,58,5,67,49%,36,32,26,199,290,24,66,58
France,Forward,08/02/1996 (24),184cm,Lys Mousset,92,9,0.1,84,26,31%,4,606,6.59,10,19,,,,,,,,,,,,,,,
Sweden,Forward,09/01/1999 (21),,,,,,,,,,,,,,,,,,,,,,,,,,,,
Kosovo,Goalkeeper,07/11/1998,198cm,Arijanet Muric,0,0,,,,,,,,,,,,,,,,,,,,,,,,
England,Midfielder,24/02/1995 (25),179cm,Jacob Murphy,42,2,0.05,34,11,32%,3,460,10.95,5,77,19%,2,0,23,2,28,68%,10,14,22,108,160,12,33,53
England,Forward,25/09/1983,183cm,Glenn Murray,148,37,0.25,201,86,43%,6,"1,966",13.28,12,34,,,,,,,,,,,,,,,
Zimbabwe,Forward,21/08/1998,183cm,Admiral Muskwe,0,0,0,0,0,0%,0,0,0,0,0,,,,,,,,,,,,,,,
Germany,Defender,17/04/1992 (28),184cm,Shkodran Mustafi,102,7,,,,,,,,,,,,,,,,,,,,,,,,
Japan,Forward,15/07/1992,178cm,Yoshinori Muto,25,1,0.04,7,3,43%,0,145,5.8,0,5,,,,,,,,,,,,,,,
England,Forward,05/02/1999 (21),,,,,,,,,,,,,,,,,,,,,,,,,,,,
Zimbabwe,Midfielder,19/01/1994 (26),178cm,Marvelous Nakamba,33,0,33,8,2,25%,0,819,24.82,0,4,4%,6,0,31,0,56,52%,0,40,33,118,116,23,30,14
Nigeria,Midfielder,16/12/1996 (24),183cm,Wilfred Ndidi,127,6,0.05,155,24,15%,5,"6,426",50.6,3,28,4%,22,2,199,5,502,63%,42,262,305,"1,097",892,406,333,104
France,Midfielder,28/12/1996 (24),181cm,Tanguy Ndombele,34,4,0.12,16,8,50%,3,"1,008",29.65,3,15,20%,5,0,23,0,37,59%,5,22,12,154,120,9,19,60
Wales,Defender,13/04/2001 (19),,,,,,,,,,,,,,,,,,,,,,,,,,,,
England,Forward,10/12/1999 (21),175cm,Reiss Nelson,22,1,0.05,14,4,29%,0,303,13.77,0,36,,,,,,,,,,,,,,,
Portugal,Defender,16/11/1993 (27),177cm,Nélson Semedo,13,0,,,,,,,,,,,,,,,,,,,,,,,,
England,Forward,30/05/1999 (21),175cm,Eddie Nketiah,33,4,0.12,25,11,44%,1,234,7.09,2,2,,,,,,,,,,,,,,,
France,Defender,01/11/2000 (20),,,,,,,,,,,,,,,,,,,,,,,,,,,,
England,Midfielder,10/10/2000 (20),,,,,,,,,,,,,,,,,,,,,,,,,,,,
England,Midfielder,08/05/1987 (33),180cm,Mark Noble,390,46,0.12,332,114,34%,35,"17,956",46.04,35,960,32%,82,5,381,27,862,70%,91,569,264,"1,613","1,542",99,133,243
England,Goalkeeper,19/01/1997,192cm,Magnus Norman,0,0,,,,,,,,,,,,,,,,,,,,,,,,
Wales,Defender,22/04/1999,181cm,Rhys Norrington-Davies,0,0,,,,,,,,,,,,,,,,,,,,,,,,
England,Goalkeeper,12/08/1993 (27),195cm,Will Norris,1,0,,,,,,,,,,,,,,,,,,,,,,,,
Northern Ireland,Midfielder,12/04/1991 (29),180cm,Oliver Norwood,47,1,0.02,17,6,35%,1,"2,318",49.32,6,228,27%,9,0,38,1,73,53%,5,53,44,147,157,47,32,9
Norway,Goalkeeper,10/09/1990,192cm,Ørjan Nyland,7,0,,,,,,,,,,,,,,,,,,,,,,,,
England,Defender,29/03/1994 (26),190cm,Jack O'Connell,35,0,,,,,,,,,,,,,,,,,,,,,,,,
Ireland,Defender,19/04/1999,,,,,,,,,,,,,,,,,,,,,,,,,,,,
Australia,Midfielder,04/07/1998,178cm,Aiden O'Neill,3,0,3,1,0,1%,0,51,17,0,1,1%,0,0,1,0,2,50%,1,0,1,3,6,1,1,0
England,Midfielder,21/11/2000,,,,,,,,,,,,,,,,,,,,,,,,,,,,
Ireland,Defender,04/03/1999 (21),188cm,Dara O'Shea,10,0,,,,,,,,,,,,,,,,,,,,,,,,
Ireland,Forward,06/07/2000 (20),169cm,Michael Obafemi,29,4,0.14,20,8,40%,3,159,5.48,3,3,,,,,,,,,,,,,,,
Belgium,Defender,27/05/1988 (32),178cm,Denis Odoi,34,0,,,,,,,,,,,,,,,,,,,,,,,,
Italy,Defender,23/05/1988 (32),191cm,Angelo Ogbonna,150,6,,,,,,,,,,,,,,,,,,,,,,,,
England,Midfielder,19/06/1997,177cm,Sheyi Ojo,8,0,8,5,1,20%,3,140,17.5,2,19,21%,0,0,3,0,9,78%,3,2,1,32,31,2,6,13
England,Defender,26/10/2000,,,,,,,,,,,,,,,,,,,,,,,,,,,,
England,Midfielder,05/10/2000,,,,,,,,,,,,,,,,,,,,,,,,,,,,
Sweden,Goalkeeper,08/01/1990 (30),196cm,Robin Olsen,2,0,,,,,,,,,,,,,,,,,,,,,,,,
England,Midfielder,27/04/1997 (23),185cm,Josh Onomah,15,0,15,4,2,50%,0,109,7.27,0,5,5%,0,0,4,1,10,90%,1,1,2,17,17,3,2,3
England,Defender,14/10/1998,189cm,Jerome Opoku,0,0,,,,,,,,,,,,,,,,,,,,,,,,
Belgium,Forward,18/04/1995 (25),185cm,Divock Origi,94,19,0.2,89,39,44%,6,865,9.2,3,68,,,,,,,,,,,,,,,
England,Midfielder,05/08/1994 (26),176cm,Ben Osborn,22,0,22,5,2,40%,0,440,20,3,42,24%,1,0,14,1,28,50%,2,11,12,58,64,10,13,9
Argentina,Defender,12/02/1988,183cm,Nicolás Otamendi,136,8,,,,,,,,,,,,,,,,,,,,,,,,
United States,Midfielder,06/01/2001 (19),183cm,Owen Otasowie,3,0,3,1,0,1%,1,39,13,0,0,0%,1,0,3,0,4,100%,0,3,3,15,12,7,6,1
England,Midfielder,15/08/1993 (27),180cm,Alex Oxlade-Chamberlain,198,16,0.08,239,65,27%,23,"4,587",23.17,28,423,20%,10,0,104,13,189,74%,88,133,75,709,705,76,131,345
England,Defender,03/01/2003,,,,,,,,,,,,,,,,,,,,,,,,,,,,
Germany,Midfielder,15/10/1988 (32),180cm,Mesut Özil,184,33,0.18,205,92,45%,54,"11,186",60.79,65,834,35%,13,0,95,83,161,68%,58,75,37,625,744,28,83,248
Spain,Midfielder,11/04/1985 (35),173cm,Pablo Hernández,63,5,0.08,84,22,26%,15,"2,480",39.37,13,187,17%,5,0,29,10,57,67%,24,54,26,164,259,6,34,56
England,Midfielder,06/05/2002 (18),,,,,,,,,,,,,,,,,,,,,,,,,,,,
United States,Defender,24/04/1997,187cm,Erik Palmer-Brown,0,0,,,,,,,,,,,,,,,,,,,,,,,,
Northern Ireland,Forward,24/10/1999,,,,,,,,,,,,,,,,,,,,,,,,,,,,
Ireland,Forward,04/02/2002,185cm,Troy Parrott,2,0,2,0,0,0%,0,4,2,0,0,,,,,,,,,,,,,,,
Ghana,Midfielder,13/06/1993 (27),185cm,Thomas Partey,5,0,5,5,2,40%,0,192,38.4,0,1,1%,1,0,4,0,10,60%,0,4,2,25,13,4,1,8
Croatia,Midfielder,09/02/1995,188cm,Mario Pasalic,0,0,0,0,0,0%,0,0,0,0,0,0%,0,0,0,0,0,0%,0,0,0,0,0,0,0,0
Northern Ireland,Goalkeeper,29/10/1996 (24),193cm,Bailey Peacock-Farrell,1,0,,,,,,,,,,,,,,,,,,,,,,,,
England,Midfielder,18/09/2002,,,,,,,,,,,,,,,,,,,,,,,,,,,,
Spain,Forward,28/07/1987,169cm,Pedro,137,29,0.21,251,88,35%,16,"3,953",28.85,17,282,,,,,,,,,,,,,,,
Portugal,Forward,09/03/2000 (20),172cm,Pedro Neto,44,7,0.16,45,16,36%,6,821,18.66,9,140,,,,,,,,,,,,,,,
Uruguay,Midfielder,20/12/2001 (19),175cm,Facundo Pellistri,0,0,0,0,0,0%,0,0,0,0,0,0%,0,0,0,0,0,0%,0,0,0,0,0,0,0,0
England,Defender,11/12/1986 (34),178cm,Lee Peltier,21,0,,,,,,,,,,,,,,,,,,,,,,,,
England,Defender,06/10/1994,185cm,Matthew Pennington,7,1,,,,,,,,,,,,,,,,,,,,,,,,
Cote D'Ivoire,Forward,29/05/1995 (25),183cm,Nicolas Pépé,42,7,0.17,63,23,37%,6,844,20.1,8,128,,,,,,,,,,,,,,,
Spain,Goalkeeper,31/08/1982,188cm,Pepe Reina,297,0,,,,,,,,,,,,,,,,,,,,,,,,
Spain,Forward,29/07/1993 (27),178cm,Ayoze Pérez,185,42,0.23,288,118,41%,13,"3,577",19.34,26,207,,,,,,,,,,,,,,,
England,Midfielder,15/07/2001 (19),,,,,,,,,,,,,,,,,,,,,,,,,,,,
England,Midfielder,02/12/1995 (25),178cm,Kalvin Phillips,12,0,12,6,2,33%,2,683,56.92,1,37,32%,4,0,13,0,32,59%,1,21,22,67,62,11,19,6
England,Goalkeeper,07/03/1994 (26),185cm,Jordan Pickford,158,0,,,,,,,,,,,,,,,,,,,,,,,,
England,Forward,10/12/2001 (19),,,,,,,,,,,,,,,,,,,,,,,,,,,,
Netherlands,Defender,07/08/1988 (32),183cm,Erik Pieters,200,1,,,,,,,,,,,,,,,,,,,,,,,,
France,Midfielder,15/03/1993 (27),191cm,Paul Pogba,122,26,0.21,306,112,37%,26,"7,542",61.82,22,110,14%,20,1,208,14,168,68%,83,90,128,879,818,239,174,253
England,Goalkeeper,19/04/1992 (28),191cm,Nick Pope,86,0,,,,,,,,,,,,,,,,,,,,,,,,
Spain,Defender,13/09/1999,176cm,Pedro Porro,0,0,,,,,,,,,,,,,,,,,,,,,,,,
England,Forward,09/02/2000 (20),,,,,,,,,,,,,,,,,,,,,,,,,,,,
Belgium,Midfielder,14/05/1994 (26),181cm,Dennis Praet,40,2,0.05,24,5,21%,3,776,19.4,5,39,15%,2,0,30,1,47,53%,12,24,15,87,126,8,22,18
Netherlands,Midfielder,02/09/1991 (29),185cm,Davy Pröpper,100,2,0.02,80,15,19%,7,"4,384",43.84,7,67,15%,8,1,105,3,187,57%,22,151,134,456,472,112,89,112
Spain,Midfielder,10/01/2001,173cm,Arnau Puigmal,0,0,0,0,0,0%,0,0,0,0,0,0%,0,0,0,0,0,0%,0,0,0,0,0,0,0,0
United States,Midfielder,18/09/1998 (22),172cm,Christian Pulisic,34,10,0.29,80,31,39%,4,880,25.88,8,48,15%,0,0,19,4,30,47%,22,12,11,173,247,26,60,76
Spain,Forward,09/07/1995,175cm,Sandro Ramírez,8,0,8,9,1,11%,0,82,10.25,0,6,,,,,,,,,,,,,,,
England,Defender,10/10/2000 (20),,,,,,,,,,,,,,,,,,,,,,,,,,,,
England,Goalkeeper,14/05/1998 (22),188cm,Aaron Ramsdale,52,0,,,,,,,,,,,,,,,,,,,,,,,,
England,Midfielder,28/05/2001 (19),,,,,,,,,,,,,,,,,,,,,,,,,,,,
Ireland,Goalkeeper,12/05/1987 (33),188cm,Darren Randolph,31,0,,,,,,,,,,,,,,,,,,,,,,,,
Brazil,Forward,14/12/1996 (24),176cm,Raphinha,10,1,0.1,26,6,23%,2,255,25.5,2,44,,,,,,,,,,,,,,,
England,Forward,31/10/1997 (23),180cm,Marcus Rashford,156,50,0.32,336,148,44%,25,"3,336",21.38,28,263,,,,,,,,,,,,,,,
United States,Defender,05/10/1987 (33),186cm,Tim Ream,44,0,,,,,,,,,,,,,,,,,,,,,,,,
England,Midfielder,06/03/1994 (26),173cm,Nathan Redmond,216,26,0.12,391,131,34%,18,"5,934",27.47,37,532,23%,12,1,160,48,261,64%,109,113,74,951,"1,139",70,189,426
England,Midfielder,27/01/1995 (25),181cm,Harrison Reed,28,0,28,8,3,38%,1,779,27.82,1,13,31%,2,0,15,0,46,80%,1,38,19,77,92,9,24,4
Spain,Defender,16/12/1996 (24),178cm,Sergio Reguilón,11,0,,,,,,,,,,,,,,,,,,,,,,,,
New Zealand,Defender,03/07/1988,190cm,Winston Reid,166,6,,,,,,,,,,,,,,,,,,,,,,,,
England,Defender,03/02/2001 (19),,,,,,,,,,,,,,,,,,,,,,,,,,,,
Portugal,Defender,06/10/1993 (27),175cm,Ricardo Pereira,63,5,,,,,,,,,,,,,,,,,,,,,,,,
England,Midfielder,14/01/1999 (21),185cm,Declan Rice,114,3,0.03,67,15,22%,4,"4,571",40.1,3,49,27%,12,0,74,4,276,58%,17,186,189,546,413,158,130,92
England,Midfielder,04/12/2000,180cm,Taylor Richards,0,0,0,0,0,0%,0,0,0,0,0,0%,0,0,0,0,0,0%,0,0,0,0,0,0,0,0
England,Midfielder,07/02/2003 (17),,,,,,,,,,,,,,,,,,,,,,,,,,,,
Brazil,Forward,10/05/1997 (23),184cm,Richarlison,120,33,0.28,297,96,32%,11,"2,670",22.25,24,167,,,,,,,,,,,,,,,
Netherlands,Midfielder,09/09/1996 (24),182cm,Jairo Riedewald,42,1,0.02,7,1,14%,0,708,16.86,0,9,33%,0,0,10,0,40,60%,3,37,38,70,50,9,10,15
Scotland,Midfielder,10/09/1989 (31),172cm,Matt Ritchie,133,11,0.08,210,52,25%,20,"4,246",31.92,28,782,25%,25,0,164,8,195,68%,78,153,181,522,669,118,217,58
Brazil,Forward,02/10/1991 (29),181cm,Roberto Firmino,190,62,0.33,453,196,43%,38,"6,668",35.09,52,165,,,,,,,,,,,,,,,
England,Defender,10/05/2002,,,,,,,,,,,,,,,,,,,,,,,,,,,,
Scotland,Defender,11/03/1994 (26),178cm,Andrew Robertson,166,5,,,,,,,,,,,,,,,,,,,,,,,,
United States,Defender,08/08/1997 (23),183cm,Antonee Robinson,12,0,,,,,,,,,,,,,,,,,,,,,,,,
Wales,Forward,21/05/1989 (31),183cm,Hal Robson-Kanu,80,12,0.15,76,30,39%,3,694,8.68,2,101,,,,,,,,,,,,,,,
Slovakia,Goalkeeper,13/12/1996 (24),194cm,Marek Rodák,1,0,,,,,,,,,,,,,,,,,,,,,,,,
Portugal,Defender,30/03/1991,191cm,Roderick Miranda,0,0,,,,,,,,,,,,,,,,,,,,,,,,
Wales,Defender,22/10/1997 (23),180cm,Joe Rodon,4,0,,,,,,,,,,,,,,,,,,,,,,,,
Spain,Forward,06/03/1991 (29),182cm,Rodrigo,30,3,0.1,47,15,32%,1,478,15.93,8,38,,,,,,,,,,,,,,,
England,Forward,29/07/1989 (31),185cm,Jay Rodriguez,189,41,0.22,385,141,37%,12,"2,937",15.54,15,137,,,,,,,,,,,,,,,
England,Midfielder,11/03/1991 (29),188cm,Jack Rodwell,167,10,0.06,210,58,28%,4,"3,881",23.24,2,67,13%,26,1,135,7,212,78%,63,113,227,470,423,148,114,49
Argentina,Defender,20/03/1990 (30),187cm,Marcos Rojo,76,1,,,,,,,,,,,,,,,,,,,,,,,,
Argentina,Goalkeeper,22/02/1987 (33),192cm,Sergio Romero,7,0,,,,,,,,,,,,,,,,,,,,,,,,
Spain,Midfielder,24/09/1991 (29),183cm,Oriol Romeu,195,5,0.03,124,27,22%,1,"8,659",44.41,14,24,33%,53,0,270,5,517,68%,43,346,262,"1,085",988,323,298,101
England,Defender,02/07/1990,173cm,Danny Rose,194,9,,,,,,,,,,,,,,,,,,,,,,,,
Portugal,Defender,14/05/1997 (23),186cm,Rúben Dias,12,0,,,,,,,,,,,,,,,,,,,,,,,,
Portugal,Midfielder,13/03/1997 (23),180cm,Rúben Neves,88,6,0.07,159,31,19%,5,"4,724",53.68,9,66,21%,20,0,85,0,165,49%,64,152,95,307,340,73,70,34
Portugal,Defender,09/04/1999,174cm,Rúben Vinagre,35,0,,,,,,,,,,,,,,,,,,,,,,,,
England,Goalkeeper,24/10/1986 (34),193cm,John Ruddy,119,0,,,,,,,,,,,,,,,,,,,,,,,,
Germany,Defender,03/03/1993 (27),190cm,Antonio Rüdiger,82,5,,,,,,,,,,,,,,,,,,,,,,,,
Portugal,Goalkeeper,15/02/1988 (32),190cm,Rui Patrício,90,0,,,,,,,,,,,,,,,,,,,,,,,,
Iceland,Goalkeeper,18/02/1995 (25),186cm,Rúnar Alex Rúnarsson,0,0,,,,,,,,,,,,,,,,,,,,,,,,
Australia,Goalkeeper,08/04/1992 (28),184cm,Mat Ryan,121,0,,,,,,,,,,,,,,,,,,,,,,,,
England,Defender,18/05/2000,178cm,Ryan Sessegnon,41,2,,,,,,,,,,,,,,,,,,,,,,,,
France,Forward,12/03/1997 (23),173cm,Allan Saint-Maximin,34,4,0.12,53,25,47%,5,584,17.18,10,55,,,,,,,,,,,,,,,
Morocco,Midfielder,26/03/1990 (30),190cm,Romain Saïss,62,6,0.1,47,18,38%,1,"2,869",46.27,4,26,15%,17,1,81,2,106,66%,9,101,216,363,253,207,118,16
Senegal,Midfielder,26/10/1990 (30),174cm,Henri Saivet,5,1,0.2,1,1,100%,0,106,21.2,0,2,2%,0,0,1,0,18,67%,0,9,10,23,20,3,7,1
England,Midfielder,05/09/2001 (19),178cm,Bukayo Saka,40,3,0.08,40,13,33%,5,"1,078",26.95,6,119,,,,,,,,,,,,,,,
France,Defender,13/02/1990 (30),187cm,Mamadou Sakho,128,3,,,,,,,,,,,,,,,,,,,,,,,,
France,Defender,24/03/2001 (19),192cm,William Saliba,0,0,,,,,,,,,,,,,,,,,,,,,,,,
Ghana,Defender,17/04/1999 (21),191cm,Mohammed Salisu,0,0,,,,,,,,,,,,,,,,,,,,,,,,
Tanzania,Forward,23/12/1992,183cm,Mbwana Samatta,14,1,0.07,17,3,18%,0,172,12.29,1,3,,,,,,,,,,,,,,,
England,Forward,20/11/2000,,,,,,,,,,,,,,,,,,,,,,,,,,,,
Spain,Goalkeeper,18/11/1997 (23),197cm,Robert Sánchez,4,0,,,,,,,,,,,,,,,,,,,,,,,,
England,Midfielder,04/01/1999 (21),,,,,,,,,,,,,,,,,,,,,,,,,,,,
England,Defender,15/12/1999,,,,,,,,,,,,,,,,,,,,,,,,,,,,
Germany,Forward,11/01/1996,184cm,Leroy Sané,90,25,0.28,148,58,39%,28,"2,636",29.29,31,243,,,,,,,,,,,,,,,
Montenegro,Goalkeeper,23/07/1997,195cm,Matija Sarkic,0,0,,,,,,,,,,,,,,,,,,,,,,,,
France,Defender,23/01/1999,182cm,Malang Sarr,0,0,,,,,,,,,,,,,,,,,,,,,,,,
Saint Kitts And Nevis,Midfielder,02/11/1991 (29),175cm,Romaine Sawyers,13,0,13,3,0,3%,0,486,37.38,1,1,100%,2,0,11,0,21,52%,1,15,5,47,44,9,2,6
England,Forward,24/03/2004 (16),,,,,,,,,,,,,,,,,,,,,,,,,,,,
Switzerland,Defender,20/12/1991 (29),188cm,Fabian Schär,54,6,,,,,,,,,,,,,,,,,,,,,,,,
Italy,Defender,23/05/1989,187cm,Ezequiel Schelotto,28,0,,,,,,,,,,,,,,,,,,,,,,,,
Ghana,Midfielder,23/12/1992 (28),178cm,Jeffrey Schlupp,160,12,0.08,142,39,27%,8,"3,375",21.09,11,213,18%,16,0,120,3,291,69%,46,186,219,836,856,229,291,192
Denmark,Goalkeeper,05/11/1986 (34),189cm,Kasper Schmeichel,225,0,,,,,,,,,,,,,,,,,,,,,,,,
England,Midfielder,30/10/1997 (23),180cm,Sean Longstaff,42,2,0.05,40,13,33%,1,"1,216",28.95,3,50,30%,6,1,33,0,64,61%,11,39,36,150,165,28,44,15
Cote D'Ivoire,Midfielder,19/07/1991 (29),168cm,Jean Michael Seri,32,1,0.03,19,6,32%,2,"1,592",49.75,7,108,36%,6,0,32,1,41,68%,7,32,14,93,112,14,20,16
Germany,Midfielder,15/03/1999 (21),185cm,Meritan Shabani,0,0,0,0,0,0%,0,0,0,0,0,0%,0,0,0,0,0,0%,0,0,0,0,0,0,0,0
England,Midfielder,08/10/1999 (21),168cm,Jamie Shackleton,7,0,7,0,0,0%,0,94,13.43,0,1,100%,0,0,1,1,4,50%,0,7,2,8,11,0,4,2
Switzerland,Midfielder,10/10/1991 (29),169cm,Xherdan Shaqiri,117,22,0.19,187,64,34%,19,"3,067",26.21,33,556,26%,12,0,80,30,72,56%,50,43,15,335,472,16,49,122
England,Forward,05/02/1986 (34),175cm,Billy Sharp,32,4,0.12,19,9,47%,2,250,7.81,5,14,,,,,,,,,,,,,,,
Ireland,Midfielder,30/06/1996,,,,,,,,,,,,,,,,,,,,,,,,,,,,
England,Defender,12/07/1995 (25),185cm,Luke Shaw,166,1,,,,,,,,,,,,,,,,,,,,,,,,
England,Midfielder,27/02/1992 (28),184cm,Jonjo Shelvey,221,20,0.09,382,117,31%,23,"9,214",41.69,31,628,24%,34,4,185,12,273,70%,108,203,183,598,628,114,107,142
England,Defender,10/11/2000,184cm,Saul Shotton,0,0,,,,,,,,,,,,,,,,,,,,,,,,
France,Defender,29/07/1992,182cm,Djibril Sidibé,25,0,,,,,,,,,,,,,,,,,,,,,,,,
Iceland,Midfielder,08/09/1989 (31),186cm,Gylfi Sigurdsson,296,63,0.21,618,225,36%,47,"8,022",27.1,69,"1,402",26%,20,0,201,16,360,67%,207,296,167,892,"1,264",91,248,204
Spain,Midfielder,08/01/1986,173cm,David Silva,309,60,0.19,552,186,34%,93,"18,801",60.84,119,955,26%,32,0,252,37,380,71%,188,220,109,"1,197","1,363",116,173,363
England,Defender,13/03/2002,186cm,Dynel Simeu,0,0,,,,,,,,,,,,,,,,,,,,,,,,
England,Forward,05/01/2001 (19),,,,,,,,,,,,,,,,,,,,,,,,,,,,
England,Midfielder,28/03/1997,174cm,Josh Sims,20,0,20,21,9,43%,2,187,9.35,2,12,17%,0,0,4,3,8,75%,7,3,2,39,56,7,20,15
France,Midfielder,16/08/1989 (31),187cm,Moussa Sissoko,247,14,0.06,216,69,32%,24,"8,897",36.02,34,461,22%,38,2,290,24,299,78%,54,179,188,"1,110","1,442",247,350,394
England,Midfielder,16/09/2000,175cm,Oliver Skipp,15,0,15,2,0,2%,0,181,12.07,0,0,0%,0,0,5,0,9,56%,1,1,6,24,19,10,6,2
England,Midfielder,11/09/1999,173cm,Regan Slater,0,0,0,0,0,0%,0,0,0,0,0,0%,0,0,0,0,0,0%,0,0,0,0,0,0,0,0
England,Midfielder,08/02/1999,175cm,Callum Slattery,3,0,3,1,0,1%,0,31,10.33,0,1,1%,0,0,4,0,4,75%,1,2,1,11,19,3,9,1
Algeria,Forward,18/06/1988 (32),188cm,Islam Slimani,40,8,0.2,43,17,40%,5,589,14.72,2,10,,,,,,,,,,,,,,,
Ireland,Midfielder,21/02/2000 (20),,,,,,,,,,,,,,,,,,,,,,,,,,,,
England,Defender,22/11/1989,194cm,Chris Smalling,219,12,,,,,,,,,,,,,,,,,,,,,,,,
England,Midfielder,28/07/2000 (20),182cm,Emile Smith Rowe,3,0,3,1,0,1%,1,62,20.67,0,2,2%,0,0,0,1,1,100%,0,1,3,6,6,1,0,2
Scotland,Midfielder,07/09/1987 (33),182cm,Robert Snodgrass,163,26,0.16,250,88,35%,23,"4,719",28.95,35,"1,090",27%,30,0,199,27,265,72%,78,106,105,865,"1,119",158,271,154
Greece,Defender,09/06/1988 (32),186cm,Sokratis,44,3,,,,,,,,,,,,,,,,,,,,,,,,
South Korea,Forward,08/07/1992 (28),183cm,Son Heung-Min,175,64,0.37,374,162,43%,33,"4,078",23.3,36,288,,,,,,,,,,,,,,,
Denmark,Goalkeeper,17/01/2001,189cm,Andreas Söndergaard,0,0,,,,,,,,,,,,,,,,,,,,,,,,
Denmark,Forward,18/09/1999,,,,,,,,,,,,,,,,,,,,,,,,,,,,
Czech Republic,Midfielder,27/02/1995 (25),192cm,Tomas Soucek,28,7,0.25,48,17,35%,0,926,33.07,0,4,4%,1,0,37,0,56,45%,12,44,67,239,181,158,100,3
England,Forward,26/11/2000,,,,,,,,,,,,,,,,,,,,,,,,,,,,
Turkey,Defender,23/05/1996 (24),185cm,Çaglar Söyüncü,44,1,,,,,,,,,,,,,,,,,,,,,,,,
England,Midfielder,04/02/2002,,,,,,,,,,,,,,,,,,,,,,,,,,,,
England,Forward,24/11/2002,,,,,,,,,,,,,,,,,,,,,,,,,,,,
England,Goalkeeper,18/08/1990 (30),188cm,Jason Steele,0,0,,,,,,,,,,,,,,,,,,,,,,,,
England,Goalkeeper,23/09/1992 (28),183cm,Jed Steer,2,0,,,,,,,,,,,,,,,,,,,,,,,,
United States,Goalkeeper,02/04/1995 (25),191cm,Zack Steffen,0,0,,,,,,,,,,,,,,,,,,,,,,,,
Netherlands,Goalkeeper,22/09/1982,197cm,Maarten Stekelenburg,55,0,,,,,,,,,,,,,,,,,,,,,,,,
England,Midfielder,12/06/1989 (31),169cm,Dale Stephens,103,1,0.01,53,5,9%,5,"4,888",47.46,4,6,17%,20,1,139,0,271,62%,19,173,153,420,457,78,76,36
England,Forward,08/12/1994 (26),170cm,Raheem Sterling,272,90,0.33,571,234,41%,47,"8,721",32.06,66,521,,,,,,,,,,,,,,,
England,Defender,18/05/2000,175cm,Steven Sessegnon,0,0,,,,,,,,,,,,,,,,,,,,,,,,
England,Midfielder,25/03/2000,178cm,Jordan Stevens,0,0,0,0,0,0%,0,0,0,0,0,0%,0,0,0,0,0,0%,0,0,0,0,0,0,0,0
England,Forward,03/09/2002,,,,,,,,,,,,,,,,,,,,,,,,,,,,
Poland,Goalkeeper,19/12/2000 (20),,,,,,,,,,,,,,,,,,,,,,,,,,,,
England,Defender,28/05/1994 (26),188cm,John Stones,168,1,,,,,,,,,,,,,,,,,,,,,,,,
Netherlands,Defender,11/08/1999 (21),,,,,,,,,,,,,,,,,,,,,,,,,,,,
England,Defender,31/03/1999 (21),184cm,Japhet Tanganga,6,0,,,,,,,,,,,,,,,,,,,,,,,,
England,Defender,18/09/1995 (25),183cm,Matt Targett,85,2,,,,,,,,,,,,,,,,,,,,,,,,
England,Defender,19/11/1992 (28),185cm,James Tarkowski,135,5,,,,,,,,,,,,,,,,,,,,,,,,
Croatia,Defender,17/01/1999,,,,,,,,,,,,,,,,,,,,,,,,,,,,
Wales,Defender,07/02/1989 (31),176cm,Neil Taylor,145,0,,,,,,,,,,,,,,,,,,,,,,,,
England,Forward,26/12/1999,,,,,,,,,,,,,,,,,,,,,,,,,,,,
England,Midfielder,05/07/1999 (21),,,,,,,,,,,,,,,,,,,,,,,,,,,,
Netherlands,Defender,09/10/1995 (25),180cm,Kenny Tete,2,0,,,,,,,,,,,,,,,,,,,,,,,,
Spain,Midfielder,11/04/1991 (29),174cm,Thiago,2,0,2,3,0,3%,0,161,80.5,0,1,1%,0,0,4,0,2,50%,1,3,1,9,14,1,3,4
Brazil,Defender,22/09/1984 (36),183cm,Thiago Silva,11,2,,,,,,,,,,,,,,,,,,,,,,,,
England,Defender,30/01/2001 (19),,,,,,,,,,,,,,,,,,,,,,,,,,,,
England,Forward,09/02/2002 (18),,,,,,,,,,,,,,,,,,,,,,,,,,,,
Belgium,Midfielder,07/05/1997 (23),176cm,Youri Tielemans,66,9,0.14,108,34,31%,10,"3,456",52.36,14,140,15%,7,0,58,1,99,53%,34,49,30,302,280,51,51,63
Scotland,Defender,05/06/1997 (23),178cm,Kieran Tierney,29,1,,,,,,,,,,,,,,,,,,,,,,,,
England,Defender,29/03/1989 (31),192cm,James Tomkins,265,12,,,,,,,,,,,,,,,,,,,,,,,,
England,Defender,19/12/1997 (23),185cm,Fikayo Tomori,17,1,,,,,,,,,,,,,,,,,,,,,,,,
Uruguay,Midfielder,11/02/1996,168cm,Lucas Torreira,63,3,0.05,46,12,26%,3,"2,493",39.57,3,40,28%,14,1,62,0,96,57%,10,75,53,276,212,32,47,30
Spain,Forward,29/02/2000 (20),184cm,Ferran Torres,10,2,0.2,17,8,47%,1,147,14.7,1,10,,,,,,,,,,,,,,,
Turkey,Forward,07/06/1991 (29),183cm,Cenk Tosun,53,10,0.19,71,30,42%,3,629,11.87,4,15,,,,,,,,,,,,,,,
England,Midfielder,16/07/1991 (29),181cm,Andros Townsend,223,22,0.1,343,107,31%,24,"4,988",22.37,43,993,24%,14,0,92,22,387,69%,114,187,89,"1,092","1,102",20,83,431
England,Goalkeeper,10/10/2002 (18),,,,,,,,,,,,,,,,,,,,,,,,,,,,
Burkina Faso,Forward,06/09/1995 (25),181cm,Bertrand Traoré,22,4,0.18,33,13,39%,3,345,15.68,4,44,,,,,,,,,,,,,,,
Egypt,Midfielder,01/10/1994 (26),180cm,Trézéguet,43,6,0.14,72,23,32%,2,530,12.33,5,89,16%,2,1,57,7,60,45%,29,38,25,184,247,48,72,40
Belgium,Forward,04/12/1994 (26),172cm,Leandro Trossard,43,6,0.14,65,19,29%,4,"1,068",24.84,8,115,,,,,,,,,,,,,,,
England,Goalkeeper,21/11/1998 (22),184cm,Nathan Trott,0,0,,,,,,,,,,,,,,,,,,,,,,,,
Greece,Defender,12/05/1996 (24),178cm,Konstantinos Tsimikas,0,0,,,,,,,,,,,,,,,,,,,,,,,,
England,Defender,14/11/1997 (23),182cm,Axel Tuanzebe,12,0,,,,,,,,,,,,,,,,,,,,,,,,
England,Forward,20/01/2001,178cm,Rayhaan Tulloch,0,0,0,0,0,0%,0,0,0,0,0,,,,,,,,,,,,,,,
Turkey,Midfielder,14/07/1997 (23),173cm,Cengiz Ünder,6,0,6,5,1,20%,2,80,13.33,3,11,18%,0,0,0,1,4,25%,4,2,0,17,16,0,2,11
England,Midfielder,11/09/2003,,,,,,,,,,,,,,,,,,,,,,,,,,,,
France,Defender,22/02/1999 (21),180cm,Yan Valery,34,2,,,,,,,,,,,,,,,,,,,,,,,,
Netherlands,Defender,29/08/1990 (30),176cm,Patrick van Aanholt,201,20,,,,,,,,,,,,,,,,,,,,,,,,
Netherlands,Midfielder,18/04/1997 (23),184cm,Donny van de Beek,10,1,0.1,1,1,100%,0,140,14,0,0,0%,0,0,2,0,9,56%,0,3,2,15,18,0,5,4
Netherlands,Defender,20/12/2001 (19),189cm,Sepp van den Berg,0,0,,,,,,,,,,,,,,,,,,,,,,,,
Netherlands,Defender,08/07/1991 (29),193cm,Virgil van Dijk,162,14,,,,,,,,,,,,,,,,,,,,,,,,
Netherlands,Midfielder,01/12/1992,186cm,Marco van Ginkel,19,0,19,12,2,17%,0,380,20,0,10,10%,0,0,14,0,28,68%,4,23,18,55,56,13,14,5
Netherlands,Defender,08/06/2000,,,,,,,,,,,,,,,,,,,,,,,,,,,,
England,Forward,11/01/1987 (33),179cm,Jamie Vardy,226,114,0.5,493,242,49%,33,"3,115",13.78,52,264,,,,,,,,,,,,,,,
United States,Forward,16/02/2001,173cm,Indiana Vassilev,4,0,4,1,0,1%,0,11,2.75,0,0,,,,,,,,,,,,,,,
Netherlands,Defender,15/01/1992 (28),184cm,Joël Veltman,10,0,,,,,,,,,,,,,,,,,,,,,,,,
Netherlands,Goalkeeper,03/12/1996 (24),195cm,Michael Verrips,0,0,,,,,,,,,,,,,,,,,,,,,,,,
Belgium,Defender,24/04/1987,189cm,Jan Vertonghen,232,6,,,,,,,,,,,,,,,,,,,,,,,,
Denmark,Defender,03/08/1992 (28),199cm,Jannik Vestergaard,55,4,,,,,,,,,,,,,,,,,,,,,,,,
Portugal,Midfielder,13/02/2000 (20),172cm,Vitinha,7,0,7,0,0,0%,1,63,9,0,0,0%,0,0,2,0,2,2%,0,0,1,4,3,0,0,2
England,Defender,17/03/2000 (20),,,,,,,,,,,,,,,,,,,,,,,,,,,,
Netherlands,Goalkeeper,20/10/1983,183cm,Michel Vorm,102,0,,,,,,,,,,,,,,,,,,,,,,,,
Czech Republic,Forward,01/05/1992 (28),180cm,Matej Vydra,64,6,0.09,40,21,53%,5,383,5.98,4,12,,,,,,,,,,,,,,,
England,Forward,16/03/1989 (31),176cm,Theo Walcott,357,77,0.22,633,274,43%,53,"5,690",15.94,61,967,,,,,,,,,,,,,,,
England,Defender,28/05/1990 (30),178cm,Kyle Walker,304,8,,,,,,,,,,,,,,,,,,,,,,,,
England,Defender,13/04/1997 (23),173cm,Kyle Walker-Peters,37,0,,,,,,,,,,,,,,,,,,,,,,,,
England,Goalkeeper,09/11/1995 (25),182cm,Christian Walton,0,0,,,,,,,,,,,,,,,,,,,,,,,,
England,Defender,26/11/1997 (23),183cm,Aaron Wan-Bissaka,89,1,,,,,,,,,,,,,,,,,,,,,,,,
England,Defender,29/10/1989 (31),188cm,Joel Ward,206,4,,,,,,,,,,,,,,,,,,,,,,,,
England,Midfielder,01/11/1994 (26),173cm,James Ward-Prowse,246,26,0.11,259,108,42%,25,"7,841",31.87,37,"1,192",26%,31,1,215,5,291,64%,72,206,267,670,935,195,326,53
England,Forward,30/12/1995 (24),180cm,Ollie Watkins,14,6,0.43,40,16,40%,2,288,20.57,2,10,,,,,,,,,,,,,,,
England,Defender,03/11/1999,,,,,,,,,,,,,,,,,,,,,,,,,,,,
England,Defender,04/01/1995 (25),191cm,Adam Webster,45,3,,,,,,,,,,,,,,,,,,,,,,,,
England,Forward,26/11/1990 (30),185cm,Danny Welbeck,233,46,0.2,398,156,39%,20,"4,007",17.2,25,39,,,,,,,,,,,,,,,
Germany,Forward,06/03/1996 (24),180cm,Timo Werner,16,4,0.25,39,16,41%,4,431,26.94,4,13,,,,,,,,,,,,,,,
Brazil,Forward,26/11/1996 (24),191cm,Wesley,21,5,0.24,35,18,51%,1,367,17.48,1,7,,,,,,,,,,,,,,,
England,Midfielder,01/04/1990 (30),175cm,Ashley Westwood,235,10,0.04,143,37,26%,26,"10,595",45.09,44,723,31%,41,0,206,2,346,68%,49,330,253,621,651,98,133,38
England,Defender,08/10/1997 (23),182cm,Ben White,15,0,,,,,,,,,,,,,,,,,,,,,,,,
England,Goalkeeper,02/10/1998 (22),189cm,Alfie Whiteman,0,0,,,,,,,,,,,,,,,,,,,,,,,,
England,Forward,31/03/1993 (27),191cm,Connor Wickham,120,19,0.16,189,59,31%,7,"2,003",16.69,5,112,,,,,,,,,,,,,,,
Netherlands,Midfielder,11/11/1990 (30),175cm,Georginio Wijnaldum,194,26,0.13,230,88,38%,16,"8,269",42.62,16,69,25%,7,0,88,15,208,66%,57,130,129,744,766,160,217,202
